{
"type": "FeatureCollection",
"name": "ukraine-basins-lev06",
"crs": { "type": "name", "properties": { "name": "urn:ogc:def:crs:OGC:1.3:CRS84" } },
"features": [
{ "type": "Feature", "properties": { "basin_id": 2060008500, "pfaf_id": 228000, "sub_area_km2": 28146.4 }, "geometry": { "type": "Polygon", "coordinates": [ [ [ 29.674, 45.219 ], [ 29.675719536675377, 45.238293287489178 ], [ 29.728812323676244, 45.21421356201175 ], [ 29.689464688843863, 45.199896560839932 ], [ 29.674, 45.219 ] ] ] } },
{ "type": "Feature", "properties": { "basin_id": 2060544450, "pfaf_id": 227105, "sub_area_km2": 563.7 }, "geometry": { "type": "MultiPolygon", "coordinates": [ [ [ [ 28.408333333333353, 45.304166666666696 ], [ 28.454166666666687, 45.3375 ], [ 28.458686659071198, 45.414924452039962 ], [ 28.491666666666685, 45.45 ], [ 28.557715691460523, 45.406326802571641 ], [ 28.575567287868942, 45.324253336588569 ], [ 28.55, 45.295833333333363 ], [ 28.581122843424499, 45.267233954535619 ], [ 28.700746663411479, 45.24526604546444 ], [ 28.783333333333353, 45.323811594202887 ], [ 28.806, 45.311 ], [ 28.753, 45.285 ], [ 28.795, 45.24 ], [ 28.707, 45.224 ], [ 28.408333333333353, 45.304166666666696 ] ] ], [ [ [ 28.783333333333353, 45.325 ], [ 28.785149407618942, 45.324955292275085 ], [ 28.783333333333353, 45.324148148148154 ], [ 28.783333333333353, 45.325 ] ] ] ] } },
{ "type": "Feature", "properties": { "basin_id": 2060542410, "pfaf_id": 227103, "sub_area_km2": 342.9 }, "geometry": { "type": "Polygon", "coordinates": [ [ [ 28.783333333333353, 45.325 ], [ 28.754166666666688, 45.304166666666696 ], [ 28.783900621202278, 45.357118394639784 ], [ 28.73407202826608, 45.388379753960535 ], [ 28.729166666666686, 45.508333333333361 ], [ 28.927074517144121, 45.312961832682319 ], [ 28.995833333333355, 45.370833333333366 ], [ 29.22083333333336, 45.445833333333361 ], [ 29.246097338294586, 45.430991656717602 ], [ 28.972, 45.334 ], [ 28.956, 45.281 ], [ 28.783333333333353, 45.325 ] ] ] } },
{ "type": "Feature", "properties": { "basin_id": 2060008490, "pfaf_id": 227101, "sub_area_km2": 966.4 }, "geometry": { "type": "Polygon", "coordinates": [ [ [ 29.460757785373289, 45.496186659071213 ], [ 29.557333713107667, 45.478535291883709 ], [ 29.571527777777806, 45.421641879611578 ], [ 29.665694851345513, 45.36589847140845 ], [ 29.717284138997424, 45.290667046441001 ], [ 29.7, 45.245833333333366 ], [ 29.675719536675377, 45.238293287489178 ], [ 29.652, 45.337 ], [ 29.545, 45.41 ], [ 29.426, 45.443 ], [ 29.241666666666692, 45.433333333333366 ], [ 29.284184095594643, 45.574149068196647 ], [ 29.345364040798636, 45.453549024793865 ], [ 29.460757785373289, 45.496186659071213 ] ] ] } },
{ "type": "Feature", "properties": { "basin_id": 2060544880, "pfaf_id": 227107, "sub_area_km2": 563.9 }, "geometry": { "type": "Polygon", "coordinates": [ [ [ 28.304733954535607, 45.38945617675784 ], [ 28.408192587407648, 45.301541120309828 ], [ 28.326, 45.342 ], [ 28.288, 45.404 ], [ 28.292, 45.429 ], [ 28.220833333333349, 45.465114942528729 ], [ 28.306, 45.547 ], [ 28.35005075547226, 45.534471803489538 ], [ 28.35, 45.483333333333363 ], [ 28.304733954535607, 45.38945617675784 ] ] ] } },
{ "type": "Feature", "properties": { "basin_id": 2060008450, "pfaf_id": 226090, "sub_area_km2": 1240.3 }, "geometry": { "type": "Polygon", "coordinates": [ [ [ 29.728813340928848, 45.227424452039962 ], [ 29.665694851345513, 45.36589847140845 ], [ 29.571527777777806, 45.421641879611578 ], [ 29.570266045464436, 45.464710489908882 ], [ 29.529166666666693, 45.495833333333366 ], [ 29.468408881293428, 45.503813340928851 ], [ 29.364660305447075, 45.45478430853953 ], [ 29.317638481987874, 45.475768195258276 ], [ 29.270833333333357, 45.625 ], [ 29.30451999240454, 45.644117397732238 ], [ 29.317019992404539, 45.860757785373295 ], [ 29.375, 45.966666666666704 ], [ 29.425, 45.958333333333371 ], [ 29.507766045464436, 45.87304382324222 ], [ 29.583597819010443, 45.713637118869393 ], [ 29.596191406250028, 45.539209832085533 ], [ 29.640815904405411, 45.530017598470081 ], [ 29.711619059244821, 45.582599216037359 ], [ 29.630017428927978, 45.484184265136747 ], [ 29.699754163954022, 45.466011216905414 ], [ 29.758782958984405, 45.490843200683628 ], [ 29.751061672634577, 45.470747884114616 ], [ 29.768009101019995, 45.488029479980497 ], [ 29.788029649522599, 45.467749701605932 ], [ 29.753637017144126, 45.375940789116783 ], [ 29.758862982855931, 45.225940789116784 ], [ 29.728813340928848, 45.227424452039962 ] ], [ [ 29.674588690863743, 45.465491739908884 ], [ 29.677951727973117, 45.461932712131109 ], [ 29.679166666666696, 45.466666666666697 ], [ 29.674588690863743, 45.465491739908884 ] ], [ [ 29.772008260091177, 45.470422024197077 ], [ 29.775567287868952, 45.473785061306451 ], [ 29.770833333333364, 45.475 ], [ 29.772008260091177, 45.470422024197077 ] ], [ [ 29.641850111219647, 45.459442477756106 ], [ 29.649092610677112, 45.469925774468344 ], [ 29.633027818467909, 45.47405514187286 ], [ 29.641850111219647, 45.459442477756106 ] ], [ [ 29.770833333333364, 45.445833333333361 ], [ 29.763290066189263, 45.433533223470079 ], [ 29.770111762152808, 45.434081353081631 ], [ 29.770833333333364, 45.445833333333361 ] ], [ [ 29.775411309136313, 45.447008260091174 ], [ 29.772048272026939, 45.450567287868957 ], [ 29.770833333333364, 45.445833333333361 ], [ 29.775411309136313, 45.447008260091174 ] ], [ [ 29.616255357530409, 45.473825073242217 ], [ 29.619618394639787, 45.470266045464442 ], [ 29.620833333333362, 45.475 ], [ 29.616255357530409, 45.473825073242217 ] ], [ [ 29.625411309136311, 45.476174926757842 ], [ 29.622048272026937, 45.479733954535618 ], [ 29.620833333333362, 45.475 ], [ 29.625411309136311, 45.476174926757842 ] ] ] } },
{ "type": "Feature", "properties": { "basin_id": 2060544810, "pfaf_id": 227106, "sub_area_km2": 957.6 }, "geometry": { "type": "MultiPolygon", "coordinates": [ [ [ [ 28.507709757487, 45.536590745714008 ], [ 28.508572018895762, 45.520563420752026 ], [ 28.502900363337471, 45.537824981146827 ], [ 28.507709757487, 45.536590745714008 ] ] ], [ [ [ 28.516270785861565, 45.511532253689268 ], [ 28.520266045464428, 45.489456176757841 ], [ 28.458686659071198, 45.414924452039962 ], [ 28.454166666666687, 45.3375 ], [ 28.4125, 45.304166666666696 ], [ 28.304733954535607, 45.38945617675784 ], [ 28.35005075547226, 45.534471803489538 ], [ 28.427, 45.525 ], [ 28.427, 45.487 ], [ 28.516270785861565, 45.511532253689268 ] ] ], [ [ [ 28.529519992404534, 45.726742214626768 ], [ 28.528315734863302, 45.675850931803417 ], [ 28.485, 45.661 ], [ 28.479, 45.682 ], [ 28.529519992404534, 45.726742214626768 ] ] ] ] } },
{ "type": "Feature", "properties": { "basin_id": 2060542170, "pfaf_id": 227102, "sub_area_km2": 3278.3 }, "geometry": { "type": "Polygon", "coordinates": [ [ [ 29.241666666666692, 45.4375 ], [ 28.995833333333355, 45.370833333333366 ], [ 28.927074517144121, 45.312961832682319 ], [ 28.729166666666686, 45.508333333333361 ], [ 28.766653103298633, 45.710417683919303 ], [ 28.742019992404536, 45.756591118706631 ], [ 28.824432712131099, 45.843622843424512 ], [ 28.829733954535612, 45.956377156575556 ], [ 28.979, 46.005 ], [ 29.007, 46.048 ], [ 28.952, 46.095 ], [ 29.066, 46.196 ], [ 29.021025460479745, 46.221201250593246 ], [ 29.02916666666669, 46.245833333333351 ], [ 29.199646674262176, 46.127424452039968 ], [ 29.293622843424505, 45.975567287868955 ], [ 29.375, 45.966666666666704 ], [ 29.317019992404539, 45.860757785373295 ], [ 29.316666666666691, 45.6875 ], [ 29.270833333333357, 45.625 ], [ 29.2875, 45.575 ], [ 29.241666666666692, 45.4375 ] ] ] } },
{ "type": "Feature", "properties": { "basin_id": 2060544300, "pfaf_id": 227104, "sub_area_km2": 4261.6 }, "geometry": { "type": "MultiPolygon", "coordinates": [ [ [ [ 28.974291653103322, 46.29077928331165 ], [ 29.024432712131098, 46.256377156575539 ], [ 29.021025460479745, 46.221201250593246 ], [ 28.95, 46.261 ], [ 28.974291653103322, 46.29077928331165 ] ] ], [ [ [ 28.856008165162979, 45.983476428903522 ], [ 28.824432712131099, 45.843622843424512 ], [ 28.742019992404536, 45.756591118706631 ], [ 28.762146674262173, 45.660075547960105 ], [ 28.7125, 45.45 ], [ 28.778246900770419, 45.329749552408884 ], [ 28.700746663411479, 45.24526604546444 ], [ 28.581122843424499, 45.267233954535619 ], [ 28.55, 45.295833333333363 ], [ 28.575567287868942, 45.324253336588569 ], [ 28.557715691460523, 45.406326802571641 ], [ 28.491666666666685, 45.45 ], [ 28.521400621202275, 45.504913330078153 ], [ 28.492, 45.571 ], [ 28.545, 45.581 ], [ 28.511812527208907, 45.663681252720892 ], [ 28.529103775862506, 45.734506530503843 ], [ 28.584, 45.729 ], [ 28.58, 45.772 ], [ 28.709, 45.779 ], [ 28.696, 45.818 ], [ 28.784, 45.833 ], [ 28.759, 45.956 ], [ 28.856008165162979, 45.983476428903522 ] ] ] ] } },
{ "type": "Feature", "properties": { "basin_id": 2060541660, "pfaf_id": 227108, "sub_area_km2": 28426.5 }, "geometry": { "type": "MultiPolygon", "coordinates": [ [ [ [ 25.5875, 48.6375 ], [ 25.9125, 48.525 ], [ 25.963499620225708, 48.44104919433596 ], [ 26.04508666992189, 48.475567287868948 ], [ 26.153113471137168, 48.450607977973114 ], [ 26.15, 48.479166666666686 ], [ 26.291666666666686, 48.433333333333358 ], [ 26.330166286892378, 48.467284138997421 ], [ 26.385785590277795, 48.428813340928841 ], [ 26.489710489908873, 48.445266045464429 ], [ 26.6375, 48.375 ], [ 26.710757785373286, 48.432980007595511 ], [ 26.762109489685152, 48.40663777415854 ], [ 26.713, 48.405 ], [ 26.763, 48.356 ], [ 26.82, 48.346 ], [ 26.825, 48.306 ], [ 26.796, 48.291 ], [ 26.683, 48.356 ], [ 26.697, 48.327 ], [ 26.619, 48.274 ], [ 26.621, 48.239 ], [ 26.336, 48.184 ], [ 26.186130893163678, 47.994811063731234 ], [ 26.173290167914512, 48.095475260416706 ], [ 26.124253336588559, 48.086932712131109 ], [ 25.974530877007393, 48.150617472330751 ], [ 25.975617641872844, 48.103360324435783 ], [ 25.920364210340725, 48.082715861002626 ], [ 25.89085727267798, 48.128478664822069 ], [ 25.800931464301243, 48.150280083550371 ], [ 25.799100409613743, 48.241005452473978 ], [ 25.770061916775202, 48.171604749891515 ], [ 25.743408881293433, 48.171186659071203 ], [ 25.635543823242216, 48.253599378797766 ], [ 25.576447889539956, 48.263142903645857 ], [ 25.545833333333359, 48.229166666666686 ], [ 25.458333333333361, 48.266666666666687 ], [ 25.25625, 48.262031385633705 ], [ 25.2, 48.220833333333353 ], [ 25.236834038628498, 48.171688842773456 ], [ 25.213448418511309, 48.17110087076825 ], [ 25.191666666666691, 48.125 ], [ 25.217196316189259, 48.105184258355052 ], [ 25.186970350477456, 48.082181464301236 ], [ 25.213029649522593, 48.059350925021718 ], [ 25.196537611219643, 48.009252760145436 ], [ 25.241666666666692, 47.958333333333371 ], [ 25.157937282986136, 47.867634412977466 ], [ 25.096732923719642, 47.857672119140659 ], [ 25.115612114800371, 47.829853142632409 ], [ 25.037, 47.726 ], [ 24.887432971666424, 47.725147452828267 ], [ 24.82943132188587, 47.81969621446401 ], [ 24.704664590510315, 47.841677047448414 ], [ 24.628267076280402, 47.949338785807328 ], [ 24.566666666666684, 47.970833333333367 ], [ 24.625, 48.0625 ], [ 24.501158820258265, 48.154280598958351 ], [ 24.542271762424065, 48.223671129014775 ], [ 24.354519992404533, 48.376742214626759 ], [ 24.4829784817166, 48.405879720052106 ], [ 24.479784308539514, 48.471570163302971 ], [ 24.442352973090298, 48.500839233398459 ], [ 24.459227667914515, 48.545062594943602 ], [ 24.674120246039518, 48.592405531141516 ], [ 24.716197543674067, 48.638117472330755 ], [ 24.800746663411481, 48.620266045464433 ], [ 24.970833333333356, 48.65 ], [ 24.975717841254362, 48.711722140842042 ], [ 25.020027669270856, 48.704882473415822 ], [ 25.031620279947941, 48.750353325737869 ], [ 25.18674214680992, 48.711763848198807 ], [ 25.25, 48.6375 ], [ 25.339242214626761, 48.608686659071203 ], [ 25.349422200520859, 48.643758816189262 ], [ 25.311869642469645, 48.678038872612873 ], [ 25.341958957248288, 48.675865681966172 ], [ 25.358333333333359, 48.72083333333336 ], [ 25.517666286892389, 48.611882527669295 ], [ 25.579587470160618, 48.600892808702284 ], [ 25.5875, 48.6375 ] ] ], [ [ [ 26.849, 48.414 ], [ 26.820833333333354, 48.4375 ], [ 26.858598571833195, 48.417054091037834 ], [ 26.849, 48.414 ] ] ], [ [ [ 26.928, 48.363 ], [ 26.890529378255231, 48.50443115234377 ], [ 27.141126166449677, 48.461895073784746 ], [ 27.290416802300371, 48.520818074544295 ], [ 27.313276841905406, 48.467420789930578 ], [ 27.374646674262181, 48.452424452039956 ], [ 27.321, 48.443 ], [ 27.287, 48.369 ], [ 27.192, 48.394 ], [ 27.139, 48.373 ], [ 27.083, 48.434 ], [ 27.014, 48.422 ], [ 27.048, 48.375 ], [ 26.928, 48.363 ] ] ], [ [ [ 27.388420952691, 48.411922200520856 ], [ 27.445833333333361, 48.4125 ], [ 27.448661998104338, 48.412407096113895 ], [ 27.447, 48.409 ], [ 27.388420952691, 48.411922200520856 ] ] ], [ [ [ 28.225014750242437, 45.483411800193949 ], [ 28.220833333333349, 45.465114942528729 ], [ 28.207, 45.469 ], [ 28.225014750242437, 45.483411800193949 ] ] ] ] } },
{ "type": "Feature", "properties": { "basin_id": 2060520280, "pfaf_id": 227209, "sub_area_km2": 12393.0 }, "geometry": { "type": "Polygon", "coordinates": [ [ [ 25.061882527669294, 47.747993469238317 ], [ 25.117233954535614, 47.834079996744826 ], [ 25.096732923719642, 47.857672119140659 ], [ 25.157937282986136, 47.867634412977466 ], [ 25.241666666666692, 47.958333333333371 ], [ 25.196537611219643, 48.009252760145436 ], [ 25.213029649522593, 48.059350925021718 ], [ 25.186970350477456, 48.082181464301236 ], [ 25.217196316189259, 48.105184258355052 ], [ 25.191666666666691, 48.125 ], [ 25.213448418511309, 48.17110087076825 ], [ 25.236834038628498, 48.171688842773456 ], [ 25.2, 48.220833333333353 ], [ 25.25625, 48.262031385633705 ], [ 25.458333333333361, 48.266666666666687 ], [ 25.545833333333359, 48.229166666666686 ], [ 25.576447889539956, 48.263142903645857 ], [ 25.635543823242216, 48.253599378797766 ], [ 25.743408881293433, 48.171186659071203 ], [ 25.770061916775202, 48.171604749891515 ], [ 25.799100409613743, 48.241005452473978 ], [ 25.800931464301243, 48.150280083550371 ], [ 25.89085727267798, 48.128478664822069 ], [ 25.920364210340725, 48.082715861002626 ], [ 25.975617641872844, 48.103360324435783 ], [ 25.974530877007393, 48.150617472330751 ], [ 26.182980007595503, 48.077424452039963 ], [ 26.186130893163678, 47.994811063731234 ], [ 26.141, 47.985 ], [ 25.235, 47.895 ], [ 25.175, 47.798 ], [ 25.061882527669294, 47.747993469238317 ] ] ] } },
{ "type": "Feature", "properties": { "basin_id": 2060467040, "pfaf_id": 226065, "sub_area_km2": 1662.0 }, "geometry": { "type": "Polygon", "coordinates": [ [ [ 26.167233954535607, 48.707118394639778 ], [ 26.166666666666682, 48.645833333333357 ], [ 26.241489325629356, 48.648750135633705 ], [ 26.349253336588561, 48.532766045464435 ], [ 26.415760972764776, 48.541028849283876 ], [ 26.409525722927537, 48.504388427734398 ], [ 26.449112616644985, 48.495124986436657 ], [ 26.4625, 48.45 ], [ 26.385785590277795, 48.428813340928841 ], [ 26.330166286892378, 48.467284138997421 ], [ 26.2979934692383, 48.433950805664082 ], [ 26.215860324435781, 48.43688252766929 ], [ 26.15, 48.479166666666686 ], [ 26.153113471137168, 48.450607977973114 ], [ 26.04508666992189, 48.475567287868948 ], [ 25.963499620225708, 48.44104919433596 ], [ 25.9125, 48.525 ], [ 25.796684265136733, 48.567517428927978 ], [ 25.776076592339422, 48.628559705946202 ], [ 25.868027750651056, 48.612533908420161 ], [ 25.983333333333348, 48.691666666666691 ], [ 25.944854227701839, 48.803533935546902 ], [ 25.845833333333363, 48.820833333333361 ], [ 25.878599378797759, 48.839456176757835 ], [ 25.891402011447497, 48.907196044921903 ], [ 25.958349609375013, 48.909915161132837 ], [ 25.875771416558191, 48.963271416558186 ], [ 25.829785834418431, 49.038490464952282 ], [ 25.811844550238746, 49.115799967447941 ], [ 25.833577473958364, 49.117501152886312 ], [ 25.784250556098119, 49.216073777940565 ], [ 25.881591118706627, 49.203813340928846 ], [ 25.93528951009116, 49.142233954535619 ], [ 26.066666666666681, 49.104166666666693 ], [ 26.021568806966162, 49.090965779622422 ], [ 26.009168328179268, 49.025243801540825 ], [ 26.117233954535607, 48.957118394639785 ], [ 26.132766045464425, 48.736753336588563 ], [ 26.167233954535607, 48.707118394639778 ] ] ] } },
{ "type": "Feature", "properties": { "basin_id": 2060478430, "pfaf_id": 227691, "sub_area_km2": 4011.8 }, "geometry": { "type": "Polygon", "coordinates": [ [ [ 22.144865587022586, 48.442062717013911 ], [ 22.289954460991773, 48.428808932834222 ], [ 22.304136103999756, 48.355174728784355 ], [ 22.24, 48.388 ], [ 22.265, 48.41 ], [ 22.145, 48.404 ], [ 22.144865587022586, 48.442062717013911 ] ] ] } },
{ "type": "Feature", "properties": { "basin_id": 2060478820, "pfaf_id": 227692, "sub_area_km2": 11689.5 }, "geometry": { "type": "MultiPolygon", "coordinates": [ [ [ [ 22.578520541720941, 48.159403143988733 ], [ 22.6125, 48.1875 ], [ 22.64375, 48.137968614366336 ], [ 22.769618394639778, 48.136932712131099 ], [ 22.886501736111132, 48.191823323567732 ], [ 22.914583333333354, 48.158939615885437 ], [ 22.947281222873286, 48.179809570312521 ], [ 23.014634874131968, 48.14230957031252 ], [ 23.082539198133706, 48.159127468533008 ], [ 23.168622843424505, 48.2369327121311 ], [ 23.245833333333358, 48.225 ], [ 23.279280598958358, 48.307174682617209 ], [ 23.4625, 48.445833333333354 ], [ 23.289957004123288, 48.62047526041669 ], [ 23.229166666666693, 48.645833333333357 ], [ 23.361416965060791, 48.771362982855926 ], [ 23.397907850477456, 48.733795166015653 ], [ 23.632371690538221, 48.707666015625023 ], [ 23.706617567274336, 48.637146674262176 ], [ 23.781624688042562, 48.645474243164088 ], [ 23.805138312445759, 48.584101698133708 ], [ 23.923993259006089, 48.553355577256966 ], [ 23.926956176757827, 48.463067287868945 ], [ 24.13267211914064, 48.540767076280403 ], [ 24.116049024793853, 48.499263170030403 ], [ 24.150768195258262, 48.388471815321203 ], [ 24.253844875759565, 48.34935709635419 ], [ 24.310468377007396, 48.395190429687524 ], [ 24.444873555501321, 48.316010877821199 ], [ 24.4875, 48.283333333333353 ], [ 24.488319905598978, 48.24243842230905 ], [ 24.542271762424065, 48.223671129014775 ], [ 24.501158820258265, 48.154280598958351 ], [ 24.624392530653232, 48.046746656629807 ], [ 24.559, 47.961 ], [ 24.437, 47.969 ], [ 24.346, 47.914 ], [ 24.221, 47.898 ], [ 24.013, 47.966 ], [ 23.87, 47.932 ], [ 23.802, 47.983 ], [ 23.531, 48.019 ], [ 23.498, 47.968 ], [ 23.332, 48.022 ], [ 23.265, 48.1 ], [ 23.189, 48.096 ], [ 23.178, 48.119 ], [ 23.122, 48.091 ], [ 23.086, 48.005 ], [ 23.019, 47.99 ], [ 22.928, 48.019 ], [ 22.946, 47.965 ], [ 22.897, 47.954 ], [ 22.839, 47.981 ], [ 22.881, 48.055 ], [ 22.82, 48.118 ], [ 22.635, 48.096 ], [ 22.591, 48.108 ], [ 22.578520541720941, 48.159403143988733 ] ] ], [ [ [ 24.579199901774771, 47.966658137392912 ], [ 24.5910837809245, 47.961580234103764 ], [ 24.599611432528814, 47.951514098446367 ], [ 24.579199901774771, 47.966658137392912 ] ] ], [ [ [ 24.610407850477451, 47.953704833984411 ], [ 24.614197223446997, 47.950767982649523 ], [ 24.605585954465269, 47.949408308599779 ], [ 24.610407850477451, 47.953704833984411 ] ] ], [ [ [ 24.623791633713154, 47.94973688373075 ], [ 24.629166666666688, 47.945833333333368 ], [ 24.6294558900649, 47.942582033602228 ], [ 24.623791633713154, 47.94973688373075 ] ] ], [ [ [ 24.647789510091165, 47.921400621202288 ], [ 24.675, 47.895833333333364 ], [ 24.668503265012262, 47.883084890318798 ], [ 24.669, 47.896 ], [ 24.647789510091165, 47.921400621202288 ] ] ], [ [ [ 24.670480007595508, 47.869091118706628 ], [ 24.668, 47.87 ], [ 24.668058822604447, 47.871529387715661 ], [ 24.670480007595508, 47.869091118706628 ] ] ], [ [ [ 24.677122328016512, 47.866011216905413 ], [ 24.681505810532691, 47.862282393981317 ], [ 24.674502555352145, 47.866284254084484 ], [ 24.677122328016512, 47.866011216905413 ] ] ], [ [ [ 24.703453742133267, 47.857573784722256 ], [ 24.704022262210589, 47.844888688947051 ], [ 24.687569950595741, 47.858817171088148 ], [ 24.703453742133267, 47.857573784722256 ] ] ], [ [ [ 24.726276062576773, 47.842127606257684 ], [ 24.705, 47.84 ], [ 24.704664590510315, 47.841677047448414 ], [ 24.726276062576773, 47.842127606257684 ] ] ], [ [ [ 24.73197532677969, 47.842697532677974 ], [ 24.744982401529967, 47.840815734863313 ], [ 24.74672239936055, 47.834035812253695 ], [ 24.73197532677969, 47.842697532677974 ] ] ], [ [ [ 24.748199733876103, 47.832906085859449 ], [ 24.764574517144119, 47.841204833984406 ], [ 24.768431369359462, 47.838215684679732 ], [ 24.752, 47.83 ], [ 24.748199733876103, 47.832906085859449 ] ] ], [ [ [ 24.777210489908875, 47.836932712131109 ], [ 24.82943132188587, 47.81969621446401 ], [ 24.83815595838761, 47.784293111165397 ], [ 24.879166666666688, 47.758333333333368 ], [ 24.887432971666424, 47.725147452828267 ], [ 24.82, 47.805 ], [ 24.826, 47.82 ], [ 24.777210489908875, 47.836932712131109 ] ] ] ] } },
{ "type": "Feature", "properties": { "basin_id": 2060478420, "pfaf_id": 227680, "sub_area_km2": 14310.1 }, "geometry": { "type": "Polygon", "coordinates": [ [ [ 22.569618394639775, 49.086932712131102 ], [ 22.683333333333355, 49.0375 ], [ 22.765, 49.053 ], [ 22.847, 49.003 ], [ 22.90416666666669, 49.004166666666691 ], [ 22.919771321614604, 48.961895073784746 ], [ 22.875899590386307, 48.957672119140653 ], [ 22.879519992404536, 48.930908881293426 ], [ 22.993408881293426, 48.833686659071205 ], [ 23.1, 48.866666666666696 ], [ 23.197865125868081, 48.763142903645857 ], [ 23.310790337456623, 48.762141927083356 ], [ 23.286513604058186, 48.684050496419296 ], [ 23.229166666666693, 48.645833333333357 ], [ 23.454166666666694, 48.458333333333357 ], [ 23.436649237738742, 48.40918409559464 ], [ 23.371239217122422, 48.39883795844186 ], [ 23.274382527669296, 48.300469292534743 ], [ 23.245833333333358, 48.225 ], [ 23.168622843424505, 48.2369327121311 ], [ 23.082539198133706, 48.159127468533008 ], [ 23.014634874131968, 48.14230957031252 ], [ 22.947281222873286, 48.179809570312521 ], [ 22.914583333333354, 48.158939615885437 ], [ 22.886501736111132, 48.191823323567732 ], [ 22.769618394639778, 48.136932712131099 ], [ 22.64375, 48.137968614366336 ], [ 22.6125, 48.1875 ], [ 22.576, 48.16 ], [ 22.57, 48.197 ], [ 22.488, 48.255 ], [ 22.369, 48.245 ], [ 22.289954460991773, 48.428808932834222 ], [ 22.141950932608768, 48.439803730435081 ], [ 22.162, 48.557 ], [ 22.193, 48.608 ], [ 22.348, 48.687 ], [ 22.392, 48.869 ], [ 22.485, 48.992 ], [ 22.547, 49.008 ], [ 22.569618394639775, 49.086932712131102 ] ] ] } },
{ "type": "Feature", "properties": { "basin_id": 2060464310, "pfaf_id": 226067, "sub_area_km2": 15723.7 }, "geometry": { "type": "Polygon", "coordinates": [ [ [ 25.854166666666682, 48.620833333333358 ], [ 25.776076592339422, 48.628559705946202 ], [ 25.755908881293433, 48.596186659071208 ], [ 25.5875, 48.6375 ], [ 25.560339694552979, 48.600617472330754 ], [ 25.358333333333359, 48.72083333333336 ], [ 25.341958957248288, 48.675865681966172 ], [ 25.311869642469645, 48.678038872612873 ], [ 25.349422200520859, 48.643758816189262 ], [ 25.339242214626761, 48.608686659071203 ], [ 25.25, 48.6375 ], [ 25.18674214680992, 48.711763848198807 ], [ 25.031620279947941, 48.750353325737869 ], [ 25.020027669270856, 48.704882473415822 ], [ 24.975717841254362, 48.711722140842042 ], [ 24.970833333333356, 48.65 ], [ 24.800746663411481, 48.620266045464433 ], [ 24.716197543674067, 48.638117472330755 ], [ 24.674120246039518, 48.592405531141516 ], [ 24.459227667914515, 48.545062594943602 ], [ 24.442352973090298, 48.500839233398459 ], [ 24.479784308539514, 48.471570163302971 ], [ 24.483333333333352, 48.4125 ], [ 24.4625, 48.3875 ], [ 24.288415527343766, 48.39647623697919 ], [ 24.262074957953576, 48.350954522026932 ], [ 24.224286058213991, 48.353523763020853 ], [ 24.141049024793851, 48.407596503363735 ], [ 24.13267211914064, 48.540767076280403 ], [ 23.926956176757827, 48.463067287868945 ], [ 23.923993259006089, 48.553355577256966 ], [ 23.860339864095067, 48.55478413899742 ], [ 23.805138312445759, 48.584101698133708 ], [ 23.781624688042562, 48.645474243164088 ], [ 23.706617567274336, 48.637146674262176 ], [ 23.632371690538221, 48.707666015625023 ], [ 23.55, 48.729166666666693 ], [ 23.575661214192735, 48.865767076280406 ], [ 23.608333333333363, 48.879166666666691 ], [ 23.562235514322943, 48.915529378255236 ], [ 23.566666666666695, 48.975 ], [ 23.620833333333362, 49.029166666666697 ], [ 23.664952935112876, 49.025355360243083 ], [ 23.685075547960096, 49.062146674262181 ], [ 23.803770785861559, 49.109301079644126 ], [ 23.943622843424492, 49.266099378797769 ], [ 24.2327348497179, 49.409249030219215 ], [ 24.161882358127187, 49.494465467664959 ], [ 24.183748372395851, 49.500970119900202 ], [ 24.1625, 49.5416666666667 ], [ 24.074382358127185, 49.612969122992652 ], [ 24.129784308539513, 49.736132134331626 ], [ 24.086882358127184, 49.781965467664961 ], [ 24.234220716688384, 49.688208516438834 ], [ 24.327951727973108, 49.670266045464444 ], [ 24.835075547960091, 49.795480007595522 ], [ 25.053359307183182, 49.729869079589875 ], [ 25.06736721462676, 49.778175693088144 ], [ 25.11875, 49.795271809895866 ], [ 25.225, 49.725 ], [ 25.306377156575547, 49.724432712131112 ], [ 25.375655449761311, 49.665799967447946 ], [ 25.375895521375895, 49.520562405056452 ], [ 25.438130357530408, 49.483729553222688 ], [ 25.396526082356797, 49.400834147135448 ], [ 25.475604926215304, 49.338040669759145 ], [ 25.465997314453151, 49.288376363118516 ], [ 25.416061740451415, 49.277317470974424 ], [ 25.51214667426218, 49.194091118706623 ], [ 25.517249552408881, 49.117586263020861 ], [ 25.649149237738744, 49.057482571072079 ], [ 25.61667989095055, 49.035416327582496 ], [ 25.633900621202287, 48.909079996744815 ], [ 25.612134128146728, 48.863663058810786 ], [ 25.703458319769993, 48.815779283311656 ], [ 25.738067287868951, 48.742413330078151 ], [ 25.667403496636314, 48.713392469618078 ], [ 25.794091118706625, 48.682980007595511 ], [ 25.854166666666682, 48.620833333333358 ] ] ] } },
{ "type": "Feature", "properties": { "basin_id": 2060466960, "pfaf_id": 226064, "sub_area_km2": 3365.3 }, "geometry": { "type": "Polygon", "coordinates": [ [ [ 26.299073621961824, 49.244906955295164 ], [ 26.307582600911477, 49.184122890896298 ], [ 26.24138217502172, 49.165741475423204 ], [ 26.338117641872849, 49.06176317003041 ], [ 26.320027838812951, 49.013215806749159 ], [ 26.254811096191425, 49.015659586588569 ], [ 26.271400621202275, 48.955154758029543 ], [ 26.2457231309679, 48.923705715603326 ], [ 26.300579833984393, 48.890414428710962 ], [ 26.266556464301232, 48.877872382269992 ], [ 26.371400621202277, 48.732118394639784 ], [ 26.386787075466597, 48.625759548611136 ], [ 26.363155449761301, 48.610377671983528 ], [ 26.432433742947069, 48.570172119140651 ], [ 26.420833333333352, 48.5375 ], [ 26.349253336588561, 48.532766045464435 ], [ 26.241489325629356, 48.648750135633705 ], [ 26.166666666666682, 48.645833333333357 ], [ 26.117233954535607, 48.957118394639785 ], [ 26.009168328179268, 49.025243801540825 ], [ 26.021568806966162, 49.090965779622422 ], [ 26.066666666666681, 49.104166666666693 ], [ 25.93528951009116, 49.142233954535619 ], [ 25.9, 49.195833333333361 ], [ 25.76702202690975, 49.243380567762614 ], [ 25.758065795898467, 49.286551411946647 ], [ 25.804439968533014, 49.285021972656281 ], [ 25.829166666666698, 49.320833333333361 ], [ 25.899644300672772, 49.314212205674941 ], [ 25.87118665907121, 49.410757785373292 ], [ 25.896604749891523, 49.453395250108535 ], [ 25.965870836046037, 49.467355516221815 ], [ 25.936932712131092, 49.548043823242217 ], [ 25.879166666666698, 49.591666666666697 ], [ 25.92140062120227, 49.63454827202694 ], [ 25.900608147515204, 49.686630588107668 ], [ 26.060415988498278, 49.72915276421444 ], [ 26.116666666666681, 49.708333333333364 ], [ 26.14119754367406, 49.754784308539527 ], [ 26.252424452039946, 49.741313340928855 ], [ 26.319119432237429, 49.724644470214876 ], [ 26.354926215277796, 49.654879591200121 ], [ 26.47043745252823, 49.611532253689269 ], [ 26.470947265625018, 49.559492153591613 ], [ 26.542284308539514, 49.515860324435792 ], [ 26.475850931803404, 49.488350931803417 ], [ 26.591666666666686, 49.466666666666697 ], [ 26.599432712131097, 49.410289510091175 ], [ 26.567413330078146, 49.386932712131106 ], [ 26.33333333333335, 49.4166666666667 ], [ 26.326209343804273, 49.387649875217043 ], [ 26.366062249077707, 49.372919209798205 ], [ 26.299073621961824, 49.244906955295164 ] ] ] } },
{ "type": "Feature", "properties": { "basin_id": 2060462830, "pfaf_id": 226029, "sub_area_km2": 13990.3 }, "geometry": { "type": "Polygon", "coordinates": [ [ [ 26.470947265625018, 49.559492153591613 ], [ 26.429166666666685, 49.633333333333368 ], [ 26.9125, 49.645833333333364 ], [ 26.9625, 49.625 ], [ 27.014574517144119, 49.649538167317743 ], [ 27.078420003255232, 49.62443271213111 ], [ 27.120833333333358, 49.670833333333363 ], [ 27.23994988335506, 49.679519992404543 ], [ 27.425, 49.645833333333364 ], [ 27.465678575303848, 49.679733954535621 ], [ 27.625, 49.6666666666667 ], [ 27.663396538628501, 49.703492906358541 ], [ 27.820833333333361, 49.695833333333368 ], [ 27.871199205186645, 49.721996561686232 ], [ 27.859548272026924, 49.758900621202287 ], [ 27.908333333333346, 49.770833333333364 ], [ 28.273287116156702, 49.804519992404551 ], [ 28.4, 49.779166666666697 ], [ 28.425850931803403, 49.700850931803416 ], [ 28.706617736816426, 49.607980007595515 ], [ 28.804166666666688, 49.645833333333364 ], [ 28.870086669921896, 49.633900621202287 ], [ 28.970833333333356, 49.5875 ], [ 28.967443508572071, 49.550754123263921 ], [ 29.0375, 49.470833333333367 ], [ 29.004733954535613, 49.443877156575553 ], [ 29.025, 49.379166666666698 ], [ 28.956122843424502, 49.361932712131107 ], [ 28.940404934353321, 49.291643100314701 ], [ 28.904941474066863, 49.282594129774338 ], [ 28.925, 49.175 ], [ 28.833333333333353, 49.133333333333361 ], [ 28.845833333333356, 49.070833333333361 ], [ 29.310790337456623, 48.93714192708336 ], [ 29.22083333333336, 48.8875 ], [ 29.254733954535617, 48.802951727973117 ], [ 29.233801947699678, 48.75625 ], [ 29.287146674262178, 48.693408881293429 ], [ 29.265751139322941, 48.642265150282142 ], [ 29.16399570041235, 48.624986775716167 ], [ 29.085757785373289, 48.571186659071202 ], [ 29.006241183810786, 48.582871500651066 ], [ 28.760075547960092, 48.529519992404538 ], [ 28.679166666666688, 48.65 ], [ 28.495833333333351, 48.71666666666669 ], [ 28.517233954535609, 48.74461839463978 ], [ 28.461513773600281, 48.815949503580754 ], [ 28.399886067708351, 48.865508015950546 ], [ 28.2875, 48.8875 ], [ 28.112207370334218, 49.036734686957494 ], [ 27.775, 49.045833333333363 ], [ 27.691666666666695, 49.020833333333357 ], [ 27.329166666666694, 49.054166666666696 ], [ 27.250919596354191, 49.100582885742213 ], [ 27.279797024197073, 49.150555080837705 ], [ 27.217603895399328, 49.166036478678414 ], [ 27.216489325629365, 49.202916971842477 ], [ 27.111753336588567, 49.199432712131106 ], [ 26.943408881293426, 49.250353325737876 ], [ 26.91994594997832, 49.299291483561227 ], [ 26.767464531792555, 49.359347534179719 ], [ 26.75, 49.391666666666694 ], [ 26.647048272026929, 49.399432712131109 ], [ 26.596684265136737, 49.421684265136747 ], [ 26.591666666666686, 49.466666666666697 ], [ 26.48945617675783, 49.479733954535618 ], [ 26.542284308539514, 49.515860324435792 ], [ 26.470947265625018, 49.559492153591613 ] ] ] } },
{ "type": "Feature", "properties": { "basin_id": 2060464320, "pfaf_id": 226066, "sub_area_km2": 3914.3 }, "geometry": { "type": "Polygon", "coordinates": [ [ [ 25.225, 49.725 ], [ 25.095833333333356, 49.7875 ], [ 25.158900621202282, 49.829913330078156 ], [ 25.107352362738737, 49.882679239908889 ], [ 25.01341722276478, 49.908926222059499 ], [ 25.029875013563391, 49.944945949978333 ], [ 25.343877156575545, 49.94109937879778 ], [ 25.458333333333361, 49.9 ], [ 25.535339694552977, 49.788117641872866 ], [ 25.649062771267388, 49.778599378797779 ], [ 25.769696044921904, 49.816931321885882 ], [ 25.828187561035168, 49.791033935546906 ], [ 25.842575920952704, 49.74229024251305 ], [ 25.942019992404528, 49.710046217176682 ], [ 25.900608147515204, 49.686630588107668 ], [ 25.92140062120227, 49.63454827202694 ], [ 25.879166666666698, 49.591666666666697 ], [ 25.967284138997428, 49.477798800998293 ], [ 25.896604749891523, 49.453395250108535 ], [ 25.87118665907121, 49.410757785373292 ], [ 25.907980007595516, 49.330908881293432 ], [ 25.758065795898467, 49.286551411946647 ], [ 25.807980007595514, 49.219091118706629 ], [ 25.783940972222251, 49.196746656629806 ], [ 25.833577473958364, 49.117501152886312 ], [ 25.811844550238746, 49.115799967447941 ], [ 25.829785834418431, 49.038490464952282 ], [ 25.875771416558191, 48.963271416558186 ], [ 25.958349609375013, 48.909915161132837 ], [ 25.891402011447497, 48.907196044921903 ], [ 25.878599378797759, 48.839456176757835 ], [ 25.845833333333363, 48.820833333333361 ], [ 25.944854227701839, 48.803533935546902 ], [ 25.982766045464423, 48.710543823242212 ], [ 25.910493469238297, 48.625617472330752 ], [ 25.868027750651056, 48.612533908420161 ], [ 25.794091118706625, 48.682980007595511 ], [ 25.667403496636314, 48.713392469618078 ], [ 25.738067287868951, 48.742413330078151 ], [ 25.703458319769993, 48.815779283311656 ], [ 25.612134128146728, 48.863663058810786 ], [ 25.633900621202287, 48.909079996744815 ], [ 25.61667989095055, 49.035416327582496 ], [ 25.649149237738744, 49.057482571072079 ], [ 25.517249552408881, 49.117586263020861 ], [ 25.51214667426218, 49.194091118706623 ], [ 25.416061740451415, 49.277317470974424 ], [ 25.465997314453151, 49.288376363118516 ], [ 25.475604926215304, 49.338040669759145 ], [ 25.396526082356797, 49.400834147135448 ], [ 25.438130357530408, 49.483729553222688 ], [ 25.375895521375895, 49.520562405056452 ], [ 25.375655449761311, 49.665799967447946 ], [ 25.306377156575547, 49.724432712131112 ], [ 25.225, 49.725 ] ] ] } },
{ "type": "Feature", "properties": { "basin_id": 2060416160, "pfaf_id": 225469, "sub_area_km2": 2216.0 }, "geometry": { "type": "Polygon", "coordinates": [ [ [ 25.59583333333336, 49.891666666666701 ], [ 25.343877156575545, 49.94109937879778 ], [ 25.21875, 49.925468783908457 ], [ 25.233988783094642, 49.956844245062968 ], [ 25.180010308159748, 49.983571200900641 ], [ 25.399120415581624, 49.979905361599428 ], [ 25.478143310546901, 50.054857042100714 ], [ 25.4375, 50.095833333333353 ], [ 25.454166666666694, 50.120833333333351 ], [ 25.583333333333361, 50.15416666666669 ], [ 25.583333333333361, 50.195833333333354 ], [ 25.463161214192734, 50.321732923719637 ], [ 25.495833333333358, 50.34166666666669 ], [ 25.483333333333359, 50.391666666666687 ], [ 25.405153062608534, 50.429883829752626 ], [ 25.428813340928848, 50.494091118706621 ], [ 25.375, 50.516666666666687 ], [ 25.367578803168428, 50.55339999728735 ], [ 25.490864054362007, 50.559068467881971 ], [ 25.619091118706624, 50.620480007595511 ], [ 25.735075547960097, 50.521186659071205 ], [ 25.90358378092451, 50.444913736979188 ], [ 25.915659925672774, 50.39664442274308 ], [ 25.851214938693591, 50.400567287868945 ], [ 25.845833333333363, 50.366666666666688 ], [ 26.053359646267378, 50.324294365776929 ], [ 26.129519992404528, 50.268381076388913 ], [ 25.989594692654094, 50.179626464843771 ], [ 25.889242214626751, 50.174646674262171 ], [ 25.807561408148885, 50.088319905598979 ], [ 25.763268195258259, 50.090694851345503 ], [ 25.778351169162338, 50.042493353949673 ], [ 25.690946790907148, 49.92161000569665 ], [ 25.59583333333336, 49.891666666666701 ] ] ] } },
{ "type": "Feature", "properties": { "basin_id": 2060416040, "pfaf_id": 225468, "sub_area_km2": 3983.7 }, "geometry": { "type": "MultiPolygon", "coordinates": [ [ [ [ 24.541099378797764, 50.192881605360263 ], [ 24.54465840657554, 50.196244642469637 ], [ 24.545833333333352, 50.191666666666684 ], [ 24.541099378797764, 50.192881605360263 ] ] ], [ [ [ 24.657980007595505, 50.502424452039953 ], [ 24.642364501953146, 50.532554456922767 ], [ 24.697789510091166, 50.557766045464433 ], [ 24.788246663411478, 50.541099378797767 ], [ 24.852210489908877, 50.574432712131099 ], [ 24.998286946614606, 50.520480007595509 ], [ 25.11875, 50.533801947699679 ], [ 25.134548272026933, 50.567233954535617 ], [ 25.365787082248289, 50.586761135525194 ], [ 25.391666666666694, 50.566666666666691 ], [ 25.375, 50.516666666666687 ], [ 25.428813340928848, 50.494091118706621 ], [ 25.405153062608534, 50.429883829752626 ], [ 25.483333333333359, 50.391666666666687 ], [ 25.495833333333358, 50.34166666666669 ], [ 25.463161214192734, 50.321732923719637 ], [ 25.583333333333361, 50.195833333333354 ], [ 25.583333333333361, 50.15416666666669 ], [ 25.454166666666694, 50.120833333333351 ], [ 25.4375, 50.095833333333353 ], [ 25.478143310546901, 50.054857042100714 ], [ 25.399120415581624, 49.979905361599428 ], [ 25.179166666666692, 49.991666666666688 ], [ 25.233988783094642, 49.956844245062968 ], [ 25.19825778537329, 49.929519992404551 ], [ 24.864531792534745, 49.933976067437101 ], [ 24.753398471408442, 50.036528184678836 ], [ 24.5875, 50.066666666666684 ], [ 24.604166666666686, 50.116666666666688 ], [ 24.541099378797764, 50.175746663411481 ], [ 24.586430019802538, 50.204812622070335 ], [ 24.570833333333354, 50.245833333333351 ], [ 24.619982401529967, 50.250850762261308 ], [ 24.636932712131095, 50.310543823242206 ], [ 24.58306867811417, 50.346970621744816 ], [ 24.642196146647155, 50.407181464301239 ], [ 24.586970520019552, 50.430249701605923 ], [ 24.657980007595505, 50.502424452039953 ] ] ] ] } },
{ "type": "Feature", "properties": { "basin_id": 2060388050, "pfaf_id": 225480, "sub_area_km2": 13675.2 }, "geometry": { "type": "Polygon", "coordinates": [ [ [ 26.429166666666685, 49.633333333333368 ], [ 26.354926215277796, 49.654879591200121 ], [ 26.325, 49.7 ], [ 26.402006530761739, 49.732715691460534 ], [ 26.635757785373283, 49.729519992404548 ], [ 26.654152086046025, 49.752083333333367 ], [ 26.625, 49.7875 ], [ 26.67453901502823, 49.814593336317309 ], [ 26.625354851616773, 49.843379550510015 ], [ 26.60452134874134, 49.919117567274341 ], [ 26.656173197428405, 49.961882358127205 ], [ 26.853218248155404, 49.983065965440574 ], [ 26.921450805664087, 50.009701199001768 ], [ 26.905903116862, 50.042284308539529 ], [ 26.992413330078147, 50.058900621202291 ], [ 27.071792941623286, 50.036932712131112 ], [ 27.067578464084225, 50.07438574896922 ], [ 27.110075547960093, 50.107980007595508 ], [ 27.320172119140651, 50.155066257052972 ], [ 27.258333333333358, 50.2375 ], [ 27.125, 50.275 ], [ 27.054166666666688, 50.3375 ], [ 26.709220716688389, 50.384041680230055 ], [ 26.700917053222678, 50.474407280815996 ], [ 26.84166666666669, 50.5125 ], [ 26.882980007595506, 50.556591118706621 ], [ 26.667285834418422, 50.709323798285617 ], [ 26.750567287868943, 50.804913330078151 ], [ 26.62610643174915, 50.858630032009572 ], [ 26.632980007595506, 50.902424452039959 ], [ 26.542021518283441, 50.997547743055584 ], [ 26.538067287868941, 51.102951727973121 ], [ 26.4125, 51.175 ], [ 26.449432712131095, 51.248043823242213 ], [ 26.378599378797762, 51.328420003255239 ], [ 26.43038160536026, 51.375567287868954 ], [ 26.504166666666684, 51.366666666666696 ], [ 26.491666666666685, 51.404166666666697 ], [ 26.591666666666686, 51.466666666666697 ], [ 26.58796878390844, 51.53125 ], [ 26.670833333333356, 51.654166666666697 ], [ 26.704166666666687, 51.616666666666696 ], [ 26.675, 51.470833333333367 ], [ 26.74052954779733, 51.46693132188588 ], [ 26.775567287868945, 51.425746663411488 ], [ 26.741666666666688, 51.325 ], [ 26.779522365993945, 51.264212205674944 ], [ 26.889592149522592, 51.212961832682318 ], [ 27.024091932508703, 51.236872185601158 ], [ 27.036824544270857, 51.120228407118084 ], [ 27.311529880099851, 51.042081705729196 ], [ 27.332980007595513, 51.005908881293429 ], [ 27.250913492838567, 50.929774305555583 ], [ 27.322083197699676, 50.941651407877629 ], [ 27.40833333333336, 50.866666666666696 ], [ 27.675, 50.829166666666694 ], [ 27.727006361219647, 50.74228413899742 ], [ 27.8625, 50.695833333333354 ], [ 27.807766045464422, 50.648785061306448 ], [ 27.859105936686213, 50.621719699435786 ], [ 27.986753336588556, 50.642233954535612 ], [ 28.070587497287342, 50.586844550238737 ], [ 28.125866699218765, 50.625655449761311 ], [ 28.219120449490035, 50.628811645507838 ], [ 28.230082363552533, 50.575598483615472 ], [ 28.269806416829443, 50.574404907226587 ], [ 28.30056728786894, 50.527951727973111 ], [ 28.332766045464428, 50.422789510091171 ], [ 28.28751729329429, 50.402615695529533 ], [ 28.320266045464429, 50.372789510091167 ], [ 28.266666666666683, 50.35 ], [ 28.257937452528228, 50.300967746310782 ], [ 28.202076721191425, 50.288056776258699 ], [ 28.104166666666682, 50.329166666666687 ], [ 28.057672119140641, 50.255066257052974 ], [ 27.841666666666697, 50.1625 ], [ 27.842634412977443, 50.096229383680573 ], [ 27.883333333333347, 50.070833333333354 ], [ 27.8625, 50.0 ], [ 27.9625, 49.975 ], [ 28.008699205186648, 49.898836771647169 ], [ 27.916666666666696, 49.875 ], [ 27.895266045464425, 49.844618394639788 ], [ 27.9125, 49.770833333333364 ], [ 27.859548272026924, 49.758900621202287 ], [ 27.871199205186645, 49.721996561686232 ], [ 27.820833333333361, 49.695833333333368 ], [ 27.663396538628501, 49.703492906358541 ], [ 27.625, 49.6666666666667 ], [ 27.465678575303848, 49.679733954535621 ], [ 27.425, 49.645833333333364 ], [ 27.304166666666692, 49.679166666666703 ], [ 27.120833333333358, 49.670833333333363 ], [ 27.078420003255232, 49.62443271213111 ], [ 27.014574517144119, 49.649538167317743 ], [ 26.9625, 49.625 ], [ 26.9125, 49.645833333333364 ], [ 26.429166666666685, 49.633333333333368 ] ] ] } },
{ "type": "Feature", "properties": { "basin_id": 2060388040, "pfaf_id": 225490, "sub_area_km2": 11992.1 }, "geometry": { "type": "Polygon", "coordinates": [ [ [ 26.704827880859394, 49.98243374294708 ], [ 26.60452134874134, 49.919117567274341 ], [ 26.625354851616773, 49.843379550510015 ], [ 26.67453901502823, 49.814593336317309 ], [ 26.625, 49.7875 ], [ 26.654152086046025, 49.752083333333367 ], [ 26.635757785373283, 49.729519992404548 ], [ 26.402006530761739, 49.732715691460534 ], [ 26.325, 49.7 ], [ 26.298257785373281, 49.732980007595522 ], [ 26.14119754367406, 49.754784308539527 ], [ 26.116666666666681, 49.708333333333364 ], [ 25.903229437934041, 49.720266045464442 ], [ 25.769696044921904, 49.816931321885882 ], [ 25.55, 49.783333333333367 ], [ 25.45418056911895, 49.877082655164962 ], [ 25.4625, 49.904166666666697 ], [ 25.59583333333336, 49.891666666666701 ], [ 25.690946790907148, 49.92161000569665 ], [ 25.778351169162338, 50.042493353949673 ], [ 25.763268195258259, 50.090694851345503 ], [ 25.807561408148885, 50.088319905598979 ], [ 25.889242214626751, 50.174646674262171 ], [ 25.989594692654094, 50.179626464843771 ], [ 26.124112616644982, 50.246541680230052 ], [ 26.053359646267378, 50.324294365776929 ], [ 25.845833333333363, 50.366666666666688 ], [ 25.851214938693591, 50.400567287868945 ], [ 25.915659925672774, 50.39664442274308 ], [ 25.911932712131108, 50.435543823242213 ], [ 25.673285590277807, 50.566313340928843 ], [ 25.579519992404542, 50.702424452039956 ], [ 25.602083333333361, 50.729152086046028 ], [ 25.691666666666695, 50.725 ], [ 25.658930799696208, 50.831248643663223 ], [ 25.675799221462704, 50.874281480577281 ], [ 25.752083333333363, 50.846394856770857 ], [ 25.927424452039944, 50.858686659071203 ], [ 26.029927910698799, 50.932641262478327 ], [ 26.111657375759563, 50.934175957573814 ], [ 26.099362352159304, 51.04492763943145 ], [ 25.9875, 51.125 ], [ 26.075567287868939, 51.219983249240478 ], [ 26.058915371365032, 51.332413397894996 ], [ 26.128315734863296, 51.375850931803413 ], [ 26.112968783908435, 51.414583333333361 ], [ 26.283802456325972, 51.488117641872861 ], [ 26.39583333333335, 51.4875 ], [ 26.325887383355052, 51.521541849772163 ], [ 26.320833333333351, 51.575 ], [ 26.431837632921024, 51.566679890950553 ], [ 26.459127468533005, 51.607539198133715 ], [ 26.597916666666688, 51.657771809895863 ], [ 26.654166666666686, 51.633333333333368 ], [ 26.58796878390844, 51.53125 ], [ 26.591666666666686, 51.466666666666697 ], [ 26.491666666666685, 51.404166666666697 ], [ 26.49387715657554, 51.358900621202288 ], [ 26.43038160536026, 51.375567287868954 ], [ 26.378599378797762, 51.328420003255239 ], [ 26.449432712131095, 51.248043823242213 ], [ 26.4125, 51.175 ], [ 26.538067287868941, 51.102951727973121 ], [ 26.542021518283441, 50.997547743055584 ], [ 26.632980007595506, 50.902424452039959 ], [ 26.62610643174915, 50.858630032009572 ], [ 26.750567287868943, 50.804913330078151 ], [ 26.667285834418422, 50.709323798285617 ], [ 26.882980007595506, 50.556591118706621 ], [ 26.84166666666669, 50.5125 ], [ 26.700917053222678, 50.474407280815996 ], [ 26.709220716688389, 50.384041680230055 ], [ 27.054166666666688, 50.3375 ], [ 27.125, 50.275 ], [ 27.258333333333358, 50.2375 ], [ 27.320833333333358, 50.1625 ], [ 27.23971048990888, 50.117233954535607 ], [ 27.10059271918405, 50.10324944390193 ], [ 27.071792941623286, 50.036932712131112 ], [ 26.992413330078147, 50.058900621202291 ], [ 26.905903116862, 50.042284308539529 ], [ 26.921450805664087, 50.009701199001768 ], [ 26.853218248155404, 49.983065965440574 ], [ 26.704827880859394, 49.98243374294708 ] ] ] } },
{ "type": "Feature", "properties": { "basin_id": 2060375360, "pfaf_id": 225467, "sub_area_km2": 6799.9 }, "geometry": { "type": "Polygon", "coordinates": [ [ [ 26.35771569146052, 51.868673197428421 ], [ 26.345833333333353, 51.829166666666701 ], [ 26.390753682454445, 51.832723999023472 ], [ 26.467284308539515, 51.778167046441006 ], [ 26.400617641872849, 51.727160135904981 ], [ 26.4125, 51.695833333333368 ], [ 26.354772779676665, 51.66875 ], [ 26.449646674262173, 51.593408881293435 ], [ 26.431837632921024, 51.566679890950553 ], [ 26.320833333333351, 51.575 ], [ 26.325887383355052, 51.521541849772163 ], [ 26.39583333333335, 51.4875 ], [ 26.283802456325972, 51.488117641872861 ], [ 26.117062547471804, 51.419865587022599 ], [ 26.128315734863296, 51.375850931803413 ], [ 26.058915371365032, 51.332413397894996 ], [ 26.075567287868939, 51.219983249240478 ], [ 25.9875, 51.125 ], [ 26.099362352159304, 51.04492763943145 ], [ 26.111657375759563, 50.934175957573814 ], [ 26.029927910698799, 50.932641262478327 ], [ 25.927424452039944, 50.858686659071203 ], [ 25.752083333333363, 50.846394856770857 ], [ 25.675799221462704, 50.874281480577281 ], [ 25.658930799696208, 50.831248643663223 ], [ 25.691666666666695, 50.725 ], [ 25.5875, 50.725 ], [ 25.625, 50.629166666666691 ], [ 25.490864054362007, 50.559068467881971 ], [ 25.253420003255233, 50.583900621202282 ], [ 24.998286946614606, 50.520480007595509 ], [ 24.829870944552972, 50.584252929687523 ], [ 24.841099378797765, 50.627210489908876 ], [ 24.792438083224848, 50.650771416558186 ], [ 24.796546257866776, 50.682573784722244 ], [ 24.845859103732661, 50.705488416883703 ], [ 24.879166666666688, 50.791666666666693 ], [ 25.066311645507835, 50.810046386718774 ], [ 25.025040351019989, 50.934863620334227 ], [ 25.041666666666689, 50.979166666666693 ], [ 25.212030707465303, 50.995215861002634 ], [ 25.268034532335093, 51.067284138997422 ], [ 25.311753336588566, 51.045266045464437 ], [ 25.457370673285617, 51.092466905381968 ], [ 25.488867865668428, 51.129784138997422 ], [ 25.603505452473986, 51.130066257052981 ], [ 25.509169175889784, 51.163264804416258 ], [ 25.462513902452283, 51.243749321831629 ], [ 25.569982571072075, 51.275850931803411 ], [ 25.572575547960096, 51.341313340928849 ], [ 25.632118394639786, 51.316099378797773 ], [ 25.736845228407148, 51.375973002115913 ], [ 25.708258734809057, 51.457120768229196 ], [ 25.750617472330759, 51.519833713107673 ], [ 25.724732462565132, 51.525948588053417 ], [ 25.774197387695342, 51.554901801215308 ], [ 25.799149915907147, 51.621400621202291 ], [ 25.849096001519126, 51.617311096191436 ], [ 25.891666666666698, 51.658333333333367 ], [ 25.913867865668418, 51.738117641872861 ], [ 25.957864210340727, 51.728549024793871 ], [ 26.04127078586156, 51.767634412977465 ], [ 26.039456176757827, 51.81193271213111 ], [ 26.128279283311649, 51.8298751831055 ], [ 26.122830222561333, 51.891384692468932 ], [ 26.35771569146052, 51.868673197428421 ] ] ] } },
{ "type": "Feature", "properties": { "basin_id": 2060374270, "pfaf_id": 225470, "sub_area_km2": 1397.8 }, "geometry": { "type": "Polygon", "coordinates": [ [ [ 26.788387383355055, 51.770124816894565 ], [ 26.725, 51.7291666666667 ], [ 26.85061747233075, 51.609100850423211 ], [ 26.795215691460523, 51.499263339572515 ], [ 26.838117641872852, 51.378697543674072 ], [ 26.825, 51.3375 ], [ 26.857335747612868, 51.30359937879777 ], [ 27.025, 51.295833333333363 ], [ 27.066313340928843, 51.260757785373293 ], [ 27.05339525010853, 51.229938083224852 ], [ 26.889592149522592, 51.212961832682318 ], [ 26.779522365993945, 51.264212205674944 ], [ 26.741666666666688, 51.325 ], [ 26.775567287868945, 51.425746663411488 ], [ 26.74052954779733, 51.46693132188588 ], [ 26.675, 51.470833333333367 ], [ 26.704166666666687, 51.616666666666696 ], [ 26.67745378282337, 51.653811815049949 ], [ 26.597916666666688, 51.657771809895863 ], [ 26.45, 51.595833333333367 ], [ 26.354772779676665, 51.66875 ], [ 26.4125, 51.695833333333368 ], [ 26.400617641872849, 51.727160135904981 ], [ 26.467284308539515, 51.778167046441006 ], [ 26.425686306423628, 51.796672566731807 ], [ 26.437115747684523, 51.82523058550904 ], [ 26.6, 51.79583333333337 ], [ 26.610289510091164, 51.820266045464443 ], [ 26.696, 51.826 ], [ 26.788387383355055, 51.770124816894565 ] ] ] } },
{ "type": "Feature", "properties": { "basin_id": 2060444190, "pfaf_id": 226069, "sub_area_km2": 2908.2 }, "geometry": { "type": "Polygon", "coordinates": [ [ [ 23.844982401529961, 49.24668426513675 ], [ 23.971579996744808, 49.383900621202287 ], [ 24.046579996744807, 49.378599378797773 ], [ 24.103420003255223, 49.417233954535618 ], [ 24.204166666666683, 49.404166666666697 ], [ 24.103167215983088, 49.325631374783015 ], [ 23.943622843424492, 49.266099378797769 ], [ 23.803770785861559, 49.109301079644126 ], [ 23.685075547960096, 49.062146674262181 ], [ 23.664952935112876, 49.025355360243083 ], [ 23.620833333333362, 49.029166666666697 ], [ 23.566666666666695, 48.975 ], [ 23.562235514322943, 48.915529378255236 ], [ 23.608333333333363, 48.879166666666691 ], [ 23.575661214192735, 48.865767076280406 ], [ 23.578599378797769, 48.781122843424505 ], [ 23.539924452039958, 48.725353325737871 ], [ 23.397907850477456, 48.733795166015653 ], [ 23.361416965060791, 48.771362982855926 ], [ 23.197865125868081, 48.763142903645857 ], [ 23.132937282986134, 48.853198920355929 ], [ 22.993408881293426, 48.833686659071205 ], [ 22.875353325737869, 48.939242214626759 ], [ 22.919771321614604, 48.961895073784746 ], [ 22.8879587809245, 49.068737453884573 ], [ 22.907873535156273, 49.097928195529541 ], [ 22.841716851128496, 49.143209838867215 ], [ 22.968408881293424, 49.207980007595516 ], [ 23.248283894856797, 49.262853325737879 ], [ 23.4125, 49.216666666666697 ], [ 23.485757785373291, 49.228813340928845 ], [ 23.645833333333361, 49.15833333333336 ], [ 23.844982401529961, 49.24668426513675 ] ] ] } },
{ "type": "Feature", "properties": { "basin_id": 2060444020, "pfaf_id": 226068, "sub_area_km2": 5929.6 }, "geometry": { "type": "Polygon", "coordinates": [ [ [ 23.489242214626763, 49.225353325737878 ], [ 23.1625, 49.2625 ], [ 22.88528951009117, 49.171400621202288 ], [ 22.737559487371694, 49.260136667916008 ], [ 22.75, 49.341 ], [ 22.650719536675368, 49.532540045844215 ], [ 22.864924452039951, 49.537853325737878 ], [ 22.901361083984398, 49.61663275824656 ], [ 22.977160305447072, 49.621450975206194 ], [ 23.009208848741341, 49.658583577473991 ], [ 23.18971048990888, 49.646400621202289 ], [ 23.210420735677108, 49.703708902994826 ], [ 23.470086669921901, 49.661932712131112 ], [ 23.661780124240479, 49.717443339029984 ], [ 23.579809570312527, 49.831198289659319 ], [ 23.625529649522598, 49.848848300510014 ], [ 23.596295166015654, 49.893741183810796 ], [ 23.611932712131104, 49.985543823242224 ], [ 23.558333333333362, 50.058333333333351 ], [ 23.707384067111558, 50.045164998372414 ], [ 23.760075547960099, 49.996186659071213 ], [ 23.845833333333363, 49.9875 ], [ 23.929875183105484, 49.888387383355067 ], [ 23.983333333333348, 49.879166666666698 ], [ 23.997575547960086, 49.808686659071213 ], [ 24.075, 49.8125 ], [ 24.129784308539513, 49.736132134331626 ], [ 24.074382358127185, 49.612969122992652 ], [ 24.1625, 49.5416666666667 ], [ 24.183748372395851, 49.500970119900202 ], [ 24.161882358127187, 49.494465467664959 ], [ 24.2327348497179, 49.409249030219215 ], [ 24.103420003255223, 49.417233954535618 ], [ 24.046579996744807, 49.378599378797773 ], [ 23.968622843424495, 49.382766045464436 ], [ 23.909252760145414, 49.349295722113744 ], [ 23.844982401529961, 49.24668426513675 ], [ 23.71875, 49.171282619900204 ], [ 23.645833333333361, 49.15833333333336 ], [ 23.489242214626763, 49.225353325737878 ] ] ] } },
{ "type": "Feature", "properties": { "basin_id": 2060424690, "pfaf_id": 242449, "sub_area_km2": 8443.8 }, "geometry": { "type": "MultiPolygon", "coordinates": [ [ [ [ 23.460468207465304, 50.203523763020854 ], [ 23.511469862196208, 50.174255032009569 ], [ 23.492517428927979, 50.142517428927974 ], [ 23.553813340928848, 50.119091118706621 ], [ 23.559259711371556, 50.055093044704897 ], [ 23.592284138997424, 50.040667046441008 ], [ 23.596295166015654, 49.893741183810796 ], [ 23.625529649522598, 49.848848300510014 ], [ 23.579166666666694, 49.833333333333364 ], [ 23.661780124240479, 49.717443339029984 ], [ 23.470086669921901, 49.661932712131112 ], [ 23.210420735677108, 49.703708902994826 ], [ 23.18971048990888, 49.646400621202289 ], [ 23.009208848741341, 49.658583577473991 ], [ 22.977160305447072, 49.621450975206194 ], [ 22.901361083984398, 49.61663275824656 ], [ 22.864924452039951, 49.537853325737878 ], [ 22.648, 49.531 ], [ 23.231, 50.054 ], [ 23.460468207465304, 50.203523763020854 ] ] ], [ [ [ 22.7436228434245, 49.254733954535617 ], [ 22.8875, 49.170833333333363 ], [ 22.841716851128496, 49.143209838867215 ], [ 22.907873535156273, 49.097928195529541 ], [ 22.90416666666669, 49.004166666666691 ], [ 22.865, 49.066 ], [ 22.898, 49.091 ], [ 22.75, 49.178 ], [ 22.717, 49.169 ], [ 22.7436228434245, 49.254733954535617 ] ] ], [ [ [ 22.829165508387174, 49.025 ], [ 22.833, 49.025 ], [ 22.833081862782318, 49.024871358484923 ], [ 22.829165508387174, 49.025 ] ] ], [ [ [ 22.697575547960088, 49.049646674262178 ], [ 22.692479768327562, 49.04595183010688 ], [ 22.72752775560485, 49.050064291415893 ], [ 22.697575547960088, 49.049646674262178 ] ] ], [ [ [ 22.683617982157958, 49.039453186915836 ], [ 22.6811228434245, 49.038067287868948 ], [ 22.677222611732599, 49.041687157333676 ], [ 22.683617982157958, 49.039453186915836 ] ] ], [ [ [ 22.656122843424498, 49.050567287868951 ], [ 22.653930648685094, 49.052520628518558 ], [ 22.658605071975355, 49.050346478150999 ], [ 22.656122843424498, 49.050567287868951 ] ] ], [ [ [ 22.634253099229621, 49.067249552408882 ], [ 22.633657256836184, 49.069571238606358 ], [ 22.635966083713569, 49.065723193810719 ], [ 22.634253099229621, 49.067249552408882 ] ] ], [ [ [ 22.62720731949744, 49.079172321848382 ], [ 22.628, 49.079 ], [ 22.629243621130918, 49.076927298115137 ], [ 22.62720731949744, 49.079172321848382 ] ] ], [ [ [ 22.605072360568595, 49.083971150716174 ], [ 22.60506879474557, 49.083985044620533 ], [ 22.605159620836439, 49.083965299818168 ], [ 22.605072360568595, 49.083971150716174 ] ] ], [ [ [ 22.569618394639775, 49.086932712131102 ], [ 22.56449101799161, 49.08736377248951 ], [ 22.570661541274578, 49.090997286557126 ], [ 22.569618394639775, 49.086932712131102 ] ] ] ] } },
{ "type": "Feature", "properties": { "basin_id": 2060376210, "pfaf_id": 242499, "sub_area_km2": 16335.7 }, "geometry": { "type": "Polygon", "coordinates": [ [ [ 25.158900621202282, 49.829913330078156 ], [ 25.053359307183182, 49.729869079589875 ], [ 24.835075547960091, 49.795480007595522 ], [ 24.538714938693595, 49.738067287868958 ], [ 24.453029547797328, 49.687235344780845 ], [ 24.293622843424497, 49.671400621202288 ], [ 24.075, 49.8125 ], [ 23.997575547960086, 49.808686659071213 ], [ 23.983333333333348, 49.879166666666698 ], [ 23.929875183105484, 49.888387383355067 ], [ 23.845833333333363, 49.9875 ], [ 23.794117567274334, 49.982980007595522 ], [ 23.625, 50.070833333333354 ], [ 23.558333333333362, 50.058333333333351 ], [ 23.553813340928848, 50.119091118706621 ], [ 23.501742214626763, 50.133686659071202 ], [ 23.511469862196208, 50.174255032009569 ], [ 23.449395125480994, 50.20420381495925 ], [ 23.777, 50.4 ], [ 24.002, 50.414 ], [ 24.041, 50.451 ], [ 24.088, 50.545 ], [ 24.077, 50.716 ], [ 24.022, 50.723 ], [ 24.019, 50.769 ], [ 23.958, 50.796 ], [ 23.986, 50.835 ], [ 24.121, 50.843 ], [ 24.144, 50.869 ], [ 23.971, 50.949 ], [ 23.849, 51.129 ], [ 23.865, 51.154 ], [ 23.742, 51.215 ], [ 23.708, 51.278 ], [ 23.65, 51.289 ], [ 23.637, 51.326 ], [ 23.702, 51.404 ], [ 23.651, 51.447 ], [ 23.66, 51.489 ], [ 23.622, 51.496 ], [ 23.676, 51.504 ], [ 23.631, 51.552 ], [ 23.656, 51.582 ], [ 23.601, 51.622 ], [ 23.779, 51.666 ], [ 23.783, 51.639 ], [ 23.90216013590496, 51.632715691460533 ], [ 23.867, 51.603 ], [ 23.932833375521032, 51.594 ], [ 23.895833333333364, 51.570833333333368 ], [ 23.924250623914944, 51.500800577799509 ], [ 23.746635945638051, 51.411764865451417 ], [ 23.720833333333363, 51.325 ], [ 23.814710489908883, 51.313067287868954 ], [ 23.862771945529545, 51.349205017089872 ], [ 23.880481635199683, 51.304075453016523 ], [ 23.945833333333365, 51.28333333333336 ], [ 24.091666666666683, 51.3 ], [ 24.059216647677967, 51.266911315917994 ], [ 24.145856899685345, 51.232071770562094 ], [ 24.175, 51.15833333333336 ], [ 24.246803453233525, 51.128751627604196 ], [ 24.308333333333351, 51.15 ], [ 24.325260925292987, 51.096593221028677 ], [ 24.28683200412328, 51.097734239366346 ], [ 24.25, 51.0375 ], [ 24.3, 50.916666666666693 ], [ 24.661362881130664, 50.829431152343773 ], [ 24.73664991590714, 50.757766045464436 ], [ 24.8375, 50.729166666666693 ], [ 24.791666666666689, 50.65833333333336 ], [ 24.83245781792537, 50.646083577473981 ], [ 24.845833333333356, 50.575 ], [ 24.788246663411478, 50.541099378797767 ], [ 24.675, 50.554166666666688 ], [ 24.642364501953146, 50.532554456922767 ], [ 24.658333333333353, 50.491666666666688 ], [ 24.596501329210088, 50.457520887586831 ], [ 24.588481479220938, 50.425496419270857 ], [ 24.642196146647155, 50.407181464301239 ], [ 24.58306867811417, 50.346970621744816 ], [ 24.637146674262173, 50.305908881293426 ], [ 24.541099378797764, 50.175746663411481 ], [ 24.604166666666686, 50.116666666666688 ], [ 24.593673197428405, 50.063117472330745 ], [ 24.753398471408442, 50.036528184678836 ], [ 24.864531792534745, 49.933976067437101 ], [ 24.98554382324221, 49.93693271213111 ], [ 25.107352362738737, 49.882679239908889 ], [ 25.158900621202282, 49.829913330078156 ] ], [ [ 24.54465840657554, 50.196244642469637 ], [ 24.541099378797764, 50.192881605360263 ], [ 24.545833333333352, 50.191666666666684 ], [ 24.54465840657554, 50.196244642469637 ] ] ] } },
{ "type": "Feature", "properties": { "basin_id": 2060375150, "pfaf_id": 225466, "sub_area_km2": 20343.6 }, "geometry": { "type": "Polygon", "coordinates": [ [ [ 26.12145097520618, 51.889660135904982 ], [ 26.128279283311649, 51.8298751831055 ], [ 26.039456176757827, 51.81193271213111 ], [ 26.04127078586156, 51.767634412977465 ], [ 25.957864210340727, 51.728549024793871 ], [ 25.913867865668418, 51.738117641872861 ], [ 25.891666666666698, 51.658333333333367 ], [ 25.849096001519126, 51.617311096191436 ], [ 25.799149915907147, 51.621400621202291 ], [ 25.774197387695342, 51.554901801215308 ], [ 25.7375, 51.545833333333363 ], [ 25.724732462565132, 51.525948588053417 ], [ 25.750617472330759, 51.519833713107673 ], [ 25.708258734809057, 51.457120768229196 ], [ 25.736845228407148, 51.375973002115913 ], [ 25.632118394639786, 51.316099378797773 ], [ 25.572575547960096, 51.341313340928849 ], [ 25.569982571072075, 51.275850931803411 ], [ 25.466666666666693, 51.25 ], [ 25.509169175889784, 51.163264804416258 ], [ 25.603505452473986, 51.130066257052981 ], [ 25.488867865668428, 51.129784138997422 ], [ 25.457370673285617, 51.092466905381968 ], [ 25.311753336588566, 51.045266045464437 ], [ 25.268034532335093, 51.067284138997422 ], [ 25.212030707465303, 50.995215861002634 ], [ 25.041666666666689, 50.979166666666693 ], [ 25.025040351019989, 50.934863620334227 ], [ 25.066311645507835, 50.810046386718774 ], [ 24.879166666666688, 50.791666666666693 ], [ 24.845833333333356, 50.729166666666693 ], [ 24.73664991590714, 50.757766045464436 ], [ 24.661362881130664, 50.829431152343773 ], [ 24.3, 50.916666666666693 ], [ 24.25, 51.0375 ], [ 24.28683200412328, 51.097734239366346 ], [ 24.325260925292987, 51.096593221028677 ], [ 24.308333333333351, 51.15 ], [ 24.246803453233525, 51.128751627604196 ], [ 24.175, 51.15833333333336 ], [ 24.145856899685345, 51.232071770562094 ], [ 24.059216647677967, 51.266911315917994 ], [ 24.091666666666683, 51.3 ], [ 23.945833333333365, 51.28333333333336 ], [ 23.880481635199683, 51.304075453016523 ], [ 23.862771945529545, 51.349205017089872 ], [ 23.814710489908883, 51.313067287868954 ], [ 23.720833333333363, 51.325 ], [ 23.733258734809056, 51.394620768229196 ], [ 23.789456176757842, 51.441099378797773 ], [ 23.968914964463991, 51.467196146647169 ], [ 24.016099378797758, 51.514456176757847 ], [ 24.009081353081612, 51.549278428819477 ], [ 24.268839348687084, 51.583938429090743 ], [ 24.30616065131295, 51.624394904242656 ], [ 24.523785061306441, 51.703599378797776 ], [ 24.588399590386302, 51.795172119140659 ], [ 24.718877156575541, 51.829733954535627 ], [ 24.811612616644986, 51.884041849772167 ], [ 24.798, 51.913 ], [ 24.933, 51.897 ], [ 25.246, 51.977 ], [ 25.337, 51.936 ], [ 25.776, 51.923 ], [ 25.779, 51.953 ], [ 26.009, 51.931 ], [ 26.12145097520618, 51.889660135904982 ] ] ] } },
{ "type": "Feature", "properties": { "basin_id": 2060374580, "pfaf_id": 225465, "sub_area_km2": 606.6 }, "geometry": { "type": "MultiPolygon", "coordinates": [ [ [ [ 26.649908811891169, 51.824644376820331 ], [ 26.643877156575542, 51.824432712131113 ], [ 26.64354390078099, 51.824457173552382 ], [ 26.649908811891169, 51.824644376820331 ] ] ], [ [ [ 26.623043823242206, 51.821400621202287 ], [ 26.6, 51.79583333333337 ], [ 26.570192826204124, 51.814740368274897 ], [ 26.594, 51.823 ], [ 26.623043823242206, 51.821400621202287 ] ] ], [ [ [ 26.436882358127189, 51.822839864095087 ], [ 26.410289510091165, 51.808900621202291 ], [ 26.342221917046459, 51.843758477105069 ], [ 26.383, 51.875 ], [ 26.436882358127189, 51.822839864095087 ] ] ] ] } },
{ "type": "Feature", "properties": { "basin_id": 2060374150, "pfaf_id": 225450, "sub_area_km2": 23120.4 }, "geometry": { "type": "Polygon", "coordinates": [ [ [ 28.354166666666686, 51.533333333333367 ], [ 28.291666666666686, 51.5 ], [ 28.308900621202273, 51.421579996744825 ], [ 28.25, 51.35 ], [ 28.151742214626751, 51.341313340928849 ], [ 28.107624816894546, 51.234220716688398 ], [ 27.963142734103748, 51.10630154079864 ], [ 28.108333333333348, 50.941666666666691 ], [ 28.058333333333366, 50.929166666666696 ], [ 28.066666666666681, 50.8875 ], [ 28.00056728786894, 50.852210489908877 ], [ 28.004418267144111, 50.779940117730057 ], [ 27.909340074327272, 50.757522243923638 ], [ 27.917233954535604, 50.717881605360269 ], [ 27.85, 50.695833333333354 ], [ 27.727006361219647, 50.74228413899742 ], [ 27.675, 50.829166666666694 ], [ 27.606591118706625, 50.857980007595515 ], [ 27.485416666666694, 50.845847913954017 ], [ 27.40833333333336, 50.866666666666696 ], [ 27.322083197699676, 50.941651407877629 ], [ 27.250913492838567, 50.929774305555583 ], [ 27.332980007595513, 51.005908881293429 ], [ 27.311529880099851, 51.042081705729196 ], [ 27.02988179524742, 51.125839233398466 ], [ 27.016099378797765, 51.223785061306451 ], [ 27.066313340928843, 51.260757785373293 ], [ 27.010416666666689, 51.299531216091609 ], [ 26.857335747612868, 51.30359937879777 ], [ 26.825, 51.3375 ], [ 26.838117641872852, 51.378697543674072 ], [ 26.795215691460523, 51.499263339572515 ], [ 26.85061747233075, 51.609100850423211 ], [ 26.725, 51.7291666666667 ], [ 26.790501233758011, 51.770404097818123 ], [ 26.949, 51.746 ], [ 26.987, 51.772 ], [ 27.199, 51.775 ], [ 27.21, 51.668 ], [ 27.259, 51.664 ], [ 27.232, 51.607 ], [ 27.476, 51.62 ], [ 27.509, 51.584 ], [ 27.513, 51.632 ], [ 27.547, 51.633 ], [ 27.72, 51.602 ], [ 27.662, 51.516 ], [ 27.749, 51.472 ], [ 27.84, 51.538 ], [ 27.82, 51.582 ], [ 27.85, 51.619 ], [ 27.933, 51.577 ], [ 27.972, 51.595 ], [ 27.938, 51.557 ], [ 28.043, 51.564 ], [ 28.254, 51.68 ], [ 28.25, 51.619 ], [ 28.33, 51.58 ], [ 28.354166666666686, 51.533333333333367 ] ] ] } },
{ "type": "Feature", "properties": { "basin_id": 2060376060, "pfaf_id": 242498, "sub_area_km2": 5905.2 }, "geometry": { "type": "MultiPolygon", "coordinates": [ [ [ [ 24.787425401475716, 51.905379231770866 ], [ 24.811612616644986, 51.884041849772167 ], [ 24.718877156575541, 51.829733954535627 ], [ 24.588399590386302, 51.795172119140659 ], [ 24.523785061306441, 51.703599378797776 ], [ 24.255360582139772, 51.579045952691004 ], [ 24.009081353081612, 51.549278428819477 ], [ 24.016099378797758, 51.514456176757847 ], [ 23.975, 51.470833333333367 ], [ 23.900772603352877, 51.459219699435792 ], [ 23.925617641872844, 51.513306342230933 ], [ 23.89990878634984, 51.582018534342481 ], [ 23.991, 51.584 ], [ 24.268, 51.716 ], [ 24.309, 51.75 ], [ 24.287, 51.818 ], [ 24.367, 51.875 ], [ 24.787425401475716, 51.905379231770866 ] ] ], [ [ [ 23.914, 51.631 ], [ 23.884281921386734, 51.628899298773902 ], [ 23.883094142923866, 51.63705997197571 ], [ 23.914, 51.631 ] ] ] ] } },
{ "type": "Feature", "properties": { "basin_id": 2060400100, "pfaf_id": 225410, "sub_area_km2": 1216.1 }, "geometry": { "type": "Polygon", "coordinates": [ [ [ 30.48269059922962, 51.270511542426242 ], [ 30.5, 51.175 ], [ 30.443408881293422, 51.178813340928848 ], [ 30.384470452202709, 51.124735514322943 ], [ 30.333579169379359, 51.158988783094649 ], [ 30.251742214626752, 51.129519992404539 ], [ 30.262865871853315, 51.186336771647163 ], [ 30.22859937879776, 51.221579996744822 ], [ 30.265612284342467, 51.23818647596574 ], [ 30.275, 51.329166666666694 ], [ 30.245833333333351, 51.366666666666696 ], [ 30.303813340928837, 51.402424452039959 ], [ 30.159, 51.508 ], [ 30.337, 51.424 ], [ 30.356, 51.377 ], [ 30.316, 51.358 ], [ 30.48269059922962, 51.270511542426242 ] ] ] } },
{ "type": "Feature", "properties": { "basin_id": 2060400110, "pfaf_id": 225500, "sub_area_km2": 4223.5 }, "geometry": { "type": "Polygon", "coordinates": [ [ [ 30.660075547960091, 51.142019992404542 ], [ 30.569738430447067, 51.182624986436657 ], [ 30.5, 51.175 ], [ 30.48309655350311, 51.276550715146797 ], [ 30.56, 51.256 ], [ 30.647, 51.342 ], [ 30.614, 51.423 ], [ 30.573, 51.438 ], [ 30.616, 51.464 ], [ 30.562, 51.507 ], [ 30.579, 51.539 ], [ 30.542, 51.539 ], [ 30.523, 51.572 ], [ 30.547, 51.575 ], [ 30.501, 51.593 ], [ 30.574, 51.645 ], [ 30.56, 51.706 ], [ 30.612, 51.707 ], [ 30.64, 51.75 ], [ 30.604, 51.764 ], [ 30.662, 51.792 ], [ 30.735, 51.898 ], [ 30.794, 51.895 ], [ 30.8125, 51.945833333333368 ], [ 30.85369805230037, 51.902083333333366 ], [ 30.834141031901062, 51.850861952039963 ], [ 30.975, 51.766666666666701 ], [ 30.884208848741341, 51.766916910807325 ], [ 30.883976236979187, 51.738948059082063 ], [ 30.817893981933615, 51.737439303927985 ], [ 30.821299235026064, 51.717434692382845 ], [ 30.754402499728755, 51.732536994086402 ], [ 30.725, 51.7 ], [ 30.868877156575543, 51.691099378797773 ], [ 30.854166666666689, 51.620833333333366 ], [ 30.978279283311654, 51.599291483561231 ], [ 30.945215861002627, 51.575615607367652 ], [ 30.970353190104191, 51.526054043240052 ], [ 30.937968614366341, 51.4479166666667 ], [ 30.957630750868077, 51.417446390787788 ], [ 30.902951727973111, 51.324432712131106 ], [ 30.808333333333355, 51.308333333333366 ], [ 30.808333333333355, 51.25 ], [ 30.6811228434245, 51.216099378797772 ], [ 30.660075547960091, 51.142019992404542 ] ] ] } },
{ "type": "Feature", "properties": { "basin_id": 2060397580, "pfaf_id": 225430, "sub_area_km2": 11444.1 }, "geometry": { "type": "MultiPolygon", "coordinates": [ [ [ [ 30.246476067437083, 51.364531622992651 ], [ 30.275, 51.329166666666694 ], [ 30.254166666666684, 51.2625 ], [ 30.131245083279097, 51.31606394449873 ], [ 30.049253336588556, 51.291099378797774 ], [ 30.0125, 51.341666666666697 ], [ 29.927082655164959, 51.358319430881103 ], [ 29.802006361219647, 51.338117641872856 ], [ 29.628267076280409, 51.449338785807321 ], [ 29.524910681628153, 51.458328545302521 ], [ 29.707, 51.527 ], [ 29.736, 51.517 ], [ 29.736, 51.457 ], [ 29.79, 51.44 ], [ 29.871, 51.447 ], [ 29.917, 51.49 ], [ 29.955, 51.469 ], [ 30.012, 51.503 ], [ 30.158398691898377, 51.501686264932957 ], [ 30.303813340928837, 51.402424452039959 ], [ 30.246476067437083, 51.364531622992651 ] ] ], [ [ [ 29.307482571072075, 51.421684265136747 ], [ 28.927453613281273, 51.437853325737876 ], [ 28.838387383355055, 51.407624816894561 ], [ 28.849084472656273, 51.375598483615484 ], [ 28.7125, 51.35 ], [ 28.25, 51.35 ], [ 28.308900621202273, 51.421579996744825 ], [ 28.296753099229619, 51.507750447591178 ], [ 28.458, 51.59 ], [ 28.651, 51.568 ], [ 28.628, 51.561 ], [ 28.681, 51.443 ], [ 28.734, 51.465 ], [ 28.75, 51.416 ], [ 28.82, 51.557 ], [ 28.879, 51.585 ], [ 28.995, 51.57 ], [ 29.113, 51.656 ], [ 29.168, 51.649 ], [ 29.156, 51.627 ], [ 29.207, 51.564 ], [ 29.247, 51.567 ], [ 29.243, 51.494 ], [ 29.307482571072075, 51.421684265136747 ] ] ] ] } },
{ "type": "Feature", "properties": { "basin_id": 2060379760, "pfaf_id": 225601, "sub_area_km2": 3760.2 }, "geometry": { "type": "Polygon", "coordinates": [ [ [ 31.595175849066869, 52.11352979871964 ], [ 31.595436943901937, 52.086869642469637 ], [ 31.646266343858535, 52.090752495659743 ], [ 31.629166666666695, 52.0625 ], [ 31.527453613281278, 52.067019992404532 ], [ 31.28333333333336, 51.991666666666703 ], [ 31.2875, 51.929166666666703 ], [ 31.34953918457034, 51.902093336317307 ], [ 31.337533908420163, 51.856972249348992 ], [ 31.375617472330756, 51.818034532335105 ], [ 31.332316080729193, 51.775586785210535 ], [ 31.018408881293425, 51.758686659071216 ], [ 30.964710489908878, 51.795266045464444 ], [ 30.893622843424502, 51.792233954535625 ], [ 30.874080403645856, 51.845129055447082 ], [ 30.834141031901062, 51.850861952039963 ], [ 30.85369805230037, 51.902083333333366 ], [ 30.808333333333355, 51.952523809523825 ], [ 30.931, 52.011 ], [ 30.94, 52.087 ], [ 31.129, 52.102 ], [ 31.245, 52.041 ], [ 31.395, 52.142 ], [ 31.595175849066869, 52.11352979871964 ] ] ] } },
{ "type": "Feature", "properties": { "basin_id": 2060379750, "pfaf_id": 225700, "sub_area_km2": 2643.5 }, "geometry": { "type": "Polygon", "coordinates": [ [ [ 30.808333333333355, 51.952523809523825 ], [ 30.802337504135739, 51.945299966914078 ], [ 30.802, 51.948 ], [ 30.808333333333355, 51.952523809523825 ] ] ] } },
{ "type": "Feature", "properties": { "basin_id": 2060007130, "pfaf_id": 224009, "sub_area_km2": 22743.3 }, "geometry": { "type": "MultiPolygon", "coordinates": [ [ [ [ 31.97361111111114, 46.195833333333354 ], [ 31.966831293340935, 46.199903790416442 ], [ 31.974767280068452, 46.19864679015464 ], [ 31.97361111111114, 46.195833333333354 ] ] ], [ [ [ 32.041049533420171, 46.17293531629776 ], [ 31.614531792534748, 46.238142903645851 ], [ 31.52564290364586, 46.293698459201408 ], [ 31.513387722439262, 46.362074449327281 ], [ 31.536794026692736, 46.370037163628496 ], [ 31.547008938259577, 46.287761773003496 ], [ 31.593698459201416, 46.254809570312524 ], [ 32.041049533420171, 46.17293531629776 ] ] ], [ [ [ 31.561111111111138, 46.566666666666691 ], [ 31.559076944987005, 46.57834472656252 ], [ 31.561595323350723, 46.578842163085959 ], [ 31.561111111111138, 46.566666666666691 ] ] ], [ [ [ 31.779739718967043, 46.375823974609396 ], [ 31.742271592881973, 46.393660481770858 ], [ 31.722269354926244, 46.433371988932315 ], [ 31.779739718967043, 46.375823974609396 ] ] ], [ [ [ 33.183487277560786, 45.80120307074656 ], [ 33.171836683485267, 45.808938429090745 ], [ 33.18254564073353, 45.807574632432761 ], [ 33.183487277560786, 45.80120307074656 ] ] ], [ [ [ 33.527777777777807, 45.866666666666703 ], [ 33.521694607204886, 45.874054972330761 ], [ 33.542284138997424, 45.881596713595954 ], [ 33.527777777777807, 45.866666666666703 ] ] ], [ [ [ 33.506944444444471, 45.85 ], [ 33.507612779405406, 45.863117641872861 ], [ 33.513117472330755, 45.860757107204897 ], [ 33.506944444444471, 45.85 ] ] ], [ [ [ 33.212653944227455, 46.07796359592016 ], [ 33.191850111219644, 46.080275811089429 ], [ 33.18926425509985, 46.092271592881964 ], [ 33.212653944227455, 46.07796359592016 ] ] ], [ [ [ 35.292546251085092, 45.136761135525205 ], [ 35.571400621202287, 45.184079996744821 ], [ 35.504166666666691, 45.275 ], [ 35.372789510091174, 45.346400621202285 ], [ 35.28333333333336, 45.4166666666667 ], [ 35.029733954535615, 45.672789510091178 ], [ 34.870833333333358, 45.891666666666687 ], [ 34.8125, 46.15 ], [ 34.87973395453561, 45.931122843424497 ], [ 35.000567287868947, 45.726956176757831 ], [ 35.306122843424504, 45.413067287868941 ], [ 35.456122843424509, 45.30890062120227 ], [ 35.531591118706622, 45.287853325737878 ], [ 35.719873385959232, 45.338155958387617 ], [ 35.836753336588572, 45.475567287868955 ], [ 35.875567287868954, 45.467516750759579 ], [ 35.84959004720055, 45.443684217664959 ], [ 35.881122843424507, 45.413067287868955 ], [ 35.982586669921908, 45.37026604546444 ], [ 36.043877156575554, 45.383900621202287 ], [ 36.068303934733088, 45.441830613878068 ], [ 36.127006530761733, 45.466049024793868 ], [ 36.344620768229184, 45.487574598524333 ], [ 36.422916666666687, 45.446394856770866 ], [ 36.59914330376521, 45.441002231174075 ], [ 36.650617641872849, 45.383802456325988 ], [ 36.606326802571637, 45.346450975206196 ], [ 36.483333333333348, 45.358333333333363 ], [ 36.494843037923197, 45.313315158420167 ], [ 36.42026604546443, 45.286285061306451 ], [ 36.441197882758267, 45.26875 ], [ 36.408333333333353, 45.170833333333363 ], [ 36.458900621202275, 45.105016750759575 ], [ 36.406377156575537, 45.067233954535617 ], [ 36.225746663411478, 45.024432712131102 ], [ 36.031620449490035, 45.050353325737873 ], [ 35.842135959201421, 44.995215861002634 ], [ 35.718826972113746, 45.095215861002629 ], [ 35.529166666666697, 45.125 ], [ 35.391666666666694, 45.054166666666696 ], [ 35.42978413899742, 45.015298800998288 ], [ 35.357715861002632, 44.98380262586808 ], [ 35.38394911024308, 44.94521586100263 ], [ 35.258630032009577, 44.961393568250898 ], [ 35.244674682617216, 44.916780598958361 ], [ 35.16747131347659, 44.899265204535617 ], [ 35.084070163302975, 44.791049194335962 ], [ 34.953420003255232, 44.838067287868952 ], [ 34.911362711588566, 44.812235514322943 ], [ 34.722789510091168, 44.807766045464433 ], [ 34.450983005099843, 44.703183661566868 ], [ 34.349276733398455, 44.546579657660615 ], [ 34.177044338650191, 44.495177883572069 ], [ 34.128388807508699, 44.425676472981792 ], [ 33.971302625868084, 44.386882527669293 ], [ 33.739583333333364, 44.383894856770858 ], [ 33.707120768229196, 44.420907931857663 ], [ 33.646759711371558, 44.42592637803822 ], [ 33.614660305447075, 44.486882527669295 ], [ 33.483613416883706, 44.496764797634569 ], [ 33.374382527669297, 44.582864040798633 ], [ 33.532433742947077, 44.642327880859398 ], [ 33.533900621202285, 44.793877156575547 ], [ 33.607766045464437, 44.881122843424507 ], [ 33.591666666666697, 45.029166666666697 ], [ 33.506377156575546, 45.136932712131106 ], [ 33.386753336588569, 45.196400621202287 ], [ 33.257293023003498, 45.145266045464439 ], [ 32.898043823242212, 45.361932712131107 ], [ 32.751956176757837, 45.361932712131107 ], [ 32.649253336588565, 45.311932712131103 ], [ 32.497789510091167, 45.342233954535622 ], [ 32.511811998155402, 45.378357103135883 ], [ 32.478549024793857, 45.391051059299073 ], [ 32.56450653076174, 45.474382358127201 ], [ 32.782864210340733, 45.563117641872864 ], [ 32.828697543674068, 45.557715691460537 ], [ 32.820391337076842, 45.589791361490917 ], [ 32.897789510091165, 45.636932712131106 ], [ 33.145437282986137, 45.725967746310793 ], [ 33.167881605360265, 45.792233954535625 ], [ 33.256377156575546, 45.754733954535624 ], [ 33.491420830620683, 45.858988783094652 ], [ 33.507751803927981, 45.841011216905414 ], [ 33.544564819335967, 45.837558831108971 ], [ 33.608087497287357, 45.892322116427984 ], [ 33.683333333333358, 45.8541666666667 ], [ 33.675354682074683, 45.906620110405854 ], [ 33.757766045464436, 45.93554382324222 ], [ 33.618667941623293, 45.940998670789952 ], [ 33.611832004123293, 46.054695638020853 ], [ 33.64156494140628, 46.08045349121096 ], [ 33.603164672851591, 46.148998006184918 ], [ 33.5125, 46.120833333333351 ], [ 33.571488783094644, 46.078090752495676 ], [ 33.504904174804715, 46.078437296549495 ], [ 33.508579169379367, 46.024344550238737 ], [ 33.418711005316865, 46.029822116427972 ], [ 33.332064819335962, 46.112440999348976 ], [ 33.327122328016522, 46.075655449761307 ], [ 33.283242119683187, 46.076314968533005 ], [ 33.280060153537349, 46.100655449761305 ], [ 33.308988783094641, 46.096726820204012 ], [ 33.281288994683187, 46.132677883572072 ], [ 33.200185479058185, 46.105085245768251 ], [ 33.225655449761312, 46.155655585394982 ], [ 33.208333333333357, 46.1875 ], [ 33.128920830620686, 46.120177883572069 ], [ 33.030908881293428, 46.153813340928842 ], [ 33.040730455186655, 46.108966064453142 ], [ 32.764953782823369, 46.121186659071199 ], [ 32.541398620605491, 46.071633572048633 ], [ 32.762254163954012, 46.03267788357207 ], [ 32.8759613051621, 46.058036448387149 ], [ 33.08398878309464, 46.015730116102446 ], [ 33.037745836046028, 46.003511216905402 ], [ 32.777044338650192, 46.025655449761302 ], [ 32.385327148437533, 46.092271592881964 ], [ 32.05083923339847, 46.167381795247415 ], [ 32.216126166449683, 46.136895073784743 ], [ 32.241666666666681, 46.175 ], [ 32.118698289659307, 46.20480957031252 ], [ 32.054488457573797, 46.254809570312524 ], [ 31.968698289659304, 46.254809570312524 ], [ 31.916988457573797, 46.296476236979188 ], [ 31.877718607584651, 46.261857096354191 ], [ 31.774357265896281, 46.263524034288217 ], [ 31.770119391547322, 46.321476236979187 ], [ 32.008333333333347, 46.3625 ], [ 32.045833333333348, 46.40416666666669 ], [ 32.025224812825556, 46.444408162434918 ], [ 31.745744154188397, 46.488180541992207 ], [ 31.700830417209229, 46.466216023763046 ], [ 31.6993825276693, 46.43265279134117 ], [ 31.539569430881102, 46.542347208658875 ], [ 31.508617485894124, 46.577541775173636 ], [ 31.583422512478325, 46.536819458007834 ], [ 31.754255845811659, 46.550680541992207 ], [ 32.008809068467912, 46.4909861246745 ], [ 32.119735378689271, 46.520830281575542 ], [ 32.112103949652813, 46.500814480251762 ], [ 32.27134297688805, 46.478486124674504 ], [ 32.254355536566877, 46.499185180664085 ], [ 32.2875, 46.483333333333356 ], [ 32.506301710340729, 46.549357096354193 ], [ 32.475887383355051, 46.392375013563388 ], [ 32.5625, 46.383333333333354 ], [ 32.571746656629792, 46.35477430555558 ], [ 32.649604119194898, 46.340698920355926 ], [ 32.651367865668419, 46.307715861002627 ], [ 32.844845581054706, 46.279805162217905 ], [ 32.967413330078145, 46.363067287868944 ], [ 33.086285061306448, 46.353599378797767 ], [ 33.229166666666693, 46.416666666666686 ], [ 33.34647115071617, 46.553260972764782 ], [ 33.457588365342907, 46.613530137803842 ], [ 33.479784138997424, 46.677160305447075 ], [ 33.579166666666694, 46.766666666666694 ], [ 33.651716105143258, 46.728813340928845 ], [ 33.651714409722253, 46.807978651258708 ], [ 33.791690063476594, 46.85542839898006 ], [ 33.838387383355062, 46.915958319769992 ], [ 33.949112616644996, 46.971541680230061 ], [ 34.0, 47.058333333333358 ], [ 34.064952935112863, 47.041312662760447 ], [ 34.082672119140639, 47.009232923719644 ], [ 34.022376675075968, 46.98744981553822 ], [ 33.958900621202268, 46.893877156575549 ], [ 33.91609937879776, 46.696579996744816 ], [ 33.963761562771282, 46.604143269856792 ], [ 34.0875, 46.545833333333356 ], [ 34.086808946397582, 46.51329752604169 ], [ 33.897917683919303, 46.416680230034743 ], [ 33.716666666666697, 46.383333333333354 ], [ 33.716666666666697, 46.345833333333353 ], [ 33.586562771267388, 46.338067287868945 ], [ 33.470190429687527, 46.250321790907137 ], [ 33.556198459201418, 46.179809570312521 ], [ 33.766666666666694, 46.108333333333356 ], [ 33.825353325737879, 46.001712883843354 ], [ 33.808937242296039, 45.938503011067745 ], [ 33.878770616319471, 45.940698920355935 ], [ 34.12414906819663, 45.740815734863311 ], [ 34.1625, 45.591666666666697 ], [ 34.246186659071199, 45.468383110894131 ], [ 34.224539015028228, 45.364573330349423 ], [ 34.100708516438814, 45.257445949978326 ], [ 33.983686659071196, 45.085757785373289 ], [ 34.033333333333367, 44.925 ], [ 34.104166666666686, 44.883333333333361 ], [ 34.134140353732654, 44.81737230088978 ], [ 34.327210489908872, 44.746400621202284 ], [ 34.480908881293423, 44.845480007595512 ], [ 34.844618394639781, 44.9244327121311 ], [ 34.893752712673631, 44.966215006510446 ], [ 35.086489868164087, 44.971429104275202 ], [ 35.292546251085092, 45.136761135525205 ] ], [ [ 33.420833333333363, 44.59166666666669 ], [ 33.423842027452281, 44.582753499348982 ], [ 33.425579833984401, 44.590414428710957 ], [ 33.420833333333363, 44.59166666666669 ] ], [ [ 33.016255357530405, 46.119658406575539 ], [ 33.019618394639778, 46.116099378797763 ], [ 33.020833333333357, 46.120833333333351 ], [ 33.016255357530405, 46.119658406575539 ] ], [ [ 32.877777777777801, 46.041666666666686 ], [ 32.877669270833358, 46.0460883246528 ], [ 32.87453342013891, 46.043307834201407 ], [ 32.877777777777801, 46.041666666666686 ] ], [ [ 31.886111111111124, 46.295833333333356 ], [ 31.884849378797757, 46.30478413899742 ], [ 31.882715691460518, 46.298552449544289 ], [ 31.886111111111124, 46.295833333333356 ] ], [ [ 32.316274854871978, 46.472921752929707 ], [ 32.28847893608944, 46.471466064453146 ], [ 32.3125, 46.46666666666669 ], [ 32.316274854871978, 46.472921752929707 ] ], [ [ 32.058333333333351, 46.391666666666687 ], [ 32.036882358127187, 46.390298800998288 ], [ 32.038427564832915, 46.378883870442728 ], [ 32.058333333333351, 46.391666666666687 ] ], [ [ 32.827777777777797, 45.55 ], [ 32.827669440375459, 45.55442165798614 ], [ 32.824533420138913, 45.551641337076852 ], [ 32.827777777777797, 45.55 ] ], [ [ 32.775344848632834, 45.5364917331272 ], [ 32.812937757704013, 45.542881435818174 ], [ 32.811469523112002, 45.550311618381109 ], [ 32.775344848632834, 45.5364917331272 ] ], [ [ 32.945215861002623, 45.351367865668429 ], [ 33.018746270073805, 45.313125440809493 ], [ 33.116666666666688, 45.395833333333364 ], [ 32.945215861002623, 45.351367865668429 ] ], [ [ 33.125, 45.4 ], [ 33.129166666666691, 45.404166666666697 ], [ 33.125850762261308, 45.403315734863313 ], [ 33.125, 45.4 ] ], [ [ 33.138637288411481, 45.416931321885883 ], [ 33.148257785373289, 45.408686659071208 ], [ 33.15833333333336, 45.420833333333363 ], [ 33.138637288411481, 45.416931321885883 ] ], [ [ 33.1625, 45.429166666666696 ], [ 33.166099378797767, 45.43137715657555 ], [ 33.163714938693602, 45.433900621202284 ], [ 33.1625, 45.429166666666696 ] ], [ [ 33.171720716688391, 45.43679148356123 ], [ 33.18315599229603, 45.430416361490913 ], [ 33.2, 45.445833333333361 ], [ 33.171720716688391, 45.43679148356123 ] ], [ [ 33.541666666666693, 44.620833333333358 ], [ 33.538067287868948, 44.618622843424504 ], [ 33.540451727973121, 44.61609937879777 ], [ 33.541666666666693, 44.620833333333358 ] ], [ [ 33.53333333333336, 44.620833333333358 ], [ 33.513714938693603, 44.625567287868947 ], [ 33.5125, 44.620833333333358 ], [ 33.53333333333336, 44.620833333333358 ] ], [ [ 33.5625, 44.616666666666688 ], [ 33.558333333333358, 44.620833333333358 ], [ 33.559184095594645, 44.617517428927975 ], [ 33.5625, 44.616666666666688 ] ], [ [ 33.55, 44.620833333333358 ], [ 33.546400621202281, 44.618622843424504 ], [ 33.548785061306454, 44.61609937879777 ], [ 33.55, 44.620833333333358 ] ], [ [ 33.190277777777801, 46.1875 ], [ 33.190169270833358, 46.191921657986128 ], [ 33.187033420138917, 46.189141167534743 ], [ 33.190277777777801, 46.1875 ] ] ] ] } },
{ "type": "Feature", "properties": { "basin_id": 2060007120, "pfaf_id": 224008, "sub_area_km2": 19206.3 }, "geometry": { "type": "Polygon", "coordinates": [ [ [ 34.55, 46.220833333333353 ], [ 34.664583333333354, 46.236938476562521 ], [ 34.808600701226148, 46.16988491482207 ], [ 34.870833333333358, 45.891666666666687 ], [ 35.029733954535615, 45.672789510091178 ], [ 35.28333333333336, 45.4166666666667 ], [ 35.504166666666691, 45.275 ], [ 35.570266045464436, 45.172789510091171 ], [ 35.372575547960096, 45.166313340928845 ], [ 35.193408881293429, 45.070480007595513 ], [ 35.086489868164087, 44.971429104275202 ], [ 34.893752712673631, 44.966215006510446 ], [ 34.844618394639781, 44.9244327121311 ], [ 34.480908881293423, 44.845480007595512 ], [ 34.295833333333348, 44.745833333333358 ], [ 34.273257785373282, 44.778813340928842 ], [ 34.134140353732654, 44.81737230088978 ], [ 34.104166666666686, 44.883333333333361 ], [ 34.033333333333367, 44.925 ], [ 33.9791666666667, 45.041666666666693 ], [ 34.100708516438814, 45.257445949978326 ], [ 34.224539015028228, 45.364573330349423 ], [ 34.245480007595503, 45.447575547960099 ], [ 34.1625, 45.591666666666697 ], [ 34.12414906819663, 45.740815734863311 ], [ 33.878770616319471, 45.940698920355935 ], [ 33.808937242296039, 45.938503011067745 ], [ 33.825353325737879, 46.001712883843354 ], [ 33.766666666666694, 46.108333333333356 ], [ 33.547865125868086, 46.183976236979184 ], [ 33.506301540798638, 46.236857096354186 ], [ 33.471706136067738, 46.232690429687523 ], [ 33.475776502821205, 46.27844679090714 ], [ 33.586562771267388, 46.338067287868945 ], [ 33.716666666666697, 46.345833333333353 ], [ 33.716666666666697, 46.383333333333354 ], [ 33.752082655164962, 46.395819430881097 ], [ 33.990742323133695, 46.450651041666688 ], [ 34.086808946397582, 46.51329752604169 ], [ 34.0875, 46.545833333333356 ], [ 33.963761562771282, 46.604143269856792 ], [ 33.91609937879776, 46.717413330078152 ], [ 33.958900621202268, 46.893877156575549 ], [ 34.022376675075968, 46.98744981553822 ], [ 34.082672119140639, 47.009232923719644 ], [ 34.000850931803399, 47.061649237738742 ], [ 34.127083333333346, 47.153698052300378 ], [ 34.324171278211821, 47.16317003038197 ], [ 34.342247517903665, 47.187997266981363 ], [ 34.479166666666686, 47.120833333333358 ], [ 34.581377156575542, 47.125567287868954 ], [ 34.980908881293423, 47.216313340928849 ], [ 35.191666666666691, 47.229166666666693 ], [ 35.200353325737872, 47.323257785373293 ], [ 35.242881605360267, 47.379733954535624 ], [ 35.6, 47.341666666666697 ], [ 35.604166666666693, 47.28333333333336 ], [ 35.566666666666691, 47.28333333333336 ], [ 35.479166666666693, 47.129166666666691 ], [ 35.392517428927974, 47.103315904405406 ], [ 35.366666666666696, 47.0375 ], [ 35.118758816189256, 47.008795166015652 ], [ 35.078420003255232, 47.033900621202285 ], [ 34.975, 47.016666666666694 ], [ 34.935075547960089, 47.057980007595511 ], [ 34.865920003255233, 47.016099378797769 ], [ 34.74412044949004, 47.017019992404542 ], [ 34.664212883843334, 46.962146674262179 ], [ 34.580534532335086, 46.958950805664088 ], [ 34.519847106933611, 46.900717163085965 ], [ 34.425708516438817, 46.874112616644993 ], [ 34.398750135633698, 46.77084859212242 ], [ 34.358976067437084, 46.752134874131968 ], [ 34.363220553927967, 46.696599324544295 ], [ 34.394940355088991, 46.700420803493948 ], [ 34.39583333333335, 46.6375 ], [ 34.45, 46.616666666666688 ], [ 34.464571465386307, 46.571292792426242 ], [ 34.496400621202277, 46.577951727973115 ], [ 34.517517598470072, 46.47585076226131 ], [ 34.671476067437084, 46.39908447265627 ], [ 34.6625, 46.345833333333353 ], [ 34.538814798990906, 46.250091213650194 ], [ 34.55, 46.220833333333353 ] ] ] } },
{ "type": "Feature", "properties": { "basin_id": 2060007020, "pfaf_id": 224007, "sub_area_km2": 4702.1 }, "geometry": { "type": "Polygon", "coordinates": [ [ [ 35.258344862196203, 46.764016384548633 ], [ 35.196586778428845, 46.617466566297765 ], [ 35.262146674262176, 46.573257785373286 ], [ 35.308972846137181, 46.42180684407554 ], [ 35.356618923611137, 46.374646674262173 ], [ 35.43578287760419, 46.437853325737869 ], [ 35.444464111328152, 46.429008314344642 ], [ 35.172943115234396, 46.138167995876756 ], [ 35.008501858181447, 46.078498670789948 ], [ 34.986832004123286, 46.103998141818593 ], [ 35.038557264539953, 46.149172634548634 ], [ 35.212389119466167, 46.188477918836824 ], [ 35.340839301215304, 46.342723931206621 ], [ 35.263375515408015, 46.349749755859399 ], [ 35.262280612521728, 46.444914415147593 ], [ 35.179166666666688, 46.475 ], [ 35.212853325737875, 46.435049438476582 ], [ 35.189924452039953, 46.367019992404536 ], [ 35.052424452039951, 46.262853325737865 ], [ 34.847789510091168, 46.211932712131095 ], [ 34.816666666666691, 46.15 ], [ 34.664583333333354, 46.236938476562521 ], [ 34.55, 46.220833333333353 ], [ 34.538814798990906, 46.250091213650194 ], [ 34.6625, 46.345833333333353 ], [ 34.671476067437084, 46.39908447265627 ], [ 34.517517598470072, 46.47585076226131 ], [ 34.496400621202277, 46.577951727973115 ], [ 34.464571465386307, 46.571292792426242 ], [ 34.45, 46.616666666666688 ], [ 34.39583333333335, 46.6375 ], [ 34.394940355088991, 46.700420803493948 ], [ 34.370339965820328, 46.691023763020858 ], [ 34.354769388834654, 46.727078586154541 ], [ 34.398750135633698, 46.77084859212242 ], [ 34.425708516438817, 46.874112616644993 ], [ 34.519847106933611, 46.900717163085965 ], [ 34.580534532335086, 46.958950805664088 ], [ 34.664212883843334, 46.962146674262179 ], [ 34.74412044949004, 47.017019992404542 ], [ 34.865920003255233, 47.016099378797769 ], [ 34.941666666666691, 47.058333333333358 ], [ 34.975, 47.016666666666694 ], [ 35.169971381293429, 47.028358968098985 ], [ 35.120168389214435, 46.955023532443604 ], [ 35.02916666666669, 46.929166666666696 ], [ 35.052031792534748, 46.875642903645861 ], [ 35.175, 46.879166666666691 ], [ 35.228813340928845, 46.835757785373289 ], [ 35.258344862196203, 46.764016384548633 ] ], [ [ 35.34583333333336, 46.358333333333356 ], [ 35.354746500651068, 46.361342027452281 ], [ 35.347085571289085, 46.363079833984393 ], [ 35.34583333333336, 46.358333333333356 ] ], [ [ 35.065277777777801, 46.1375 ], [ 35.061194525824675, 46.149856228298631 ], [ 35.040986124674504, 46.13826734754776 ], [ 35.065277777777801, 46.1375 ] ], [ [ 35.081944444444467, 46.145833333333357 ], [ 35.078251817491342, 46.150617472330751 ], [ 35.074382527669293, 46.14677903917103 ], [ 35.081944444444467, 46.145833333333357 ] ] ] } },
{ "type": "Feature", "properties": { "basin_id": 2060007010, "pfaf_id": 224006, "sub_area_km2": 4698.6 }, "geometry": { "type": "Polygon", "coordinates": [ [ [ 36.369982401529967, 47.263350931803416 ], [ 36.433333333333351, 47.266666666666694 ], [ 36.445833333333354, 47.225 ], [ 36.325850931803402, 47.119982571072079 ], [ 36.291666666666686, 47.041666666666693 ], [ 35.97721048990887, 46.95056728786895 ], [ 35.873286946614613, 46.967019992404538 ], [ 35.802424452039958, 46.929519992404543 ], [ 35.701918538411491, 46.928637017144126 ], [ 35.634184095594648, 46.882482571072075 ], [ 35.529733954535615, 46.748043823242213 ], [ 35.5375, 46.645833333333357 ], [ 35.5875, 46.616666666666688 ], [ 35.558407931857666, 46.513712565104193 ], [ 35.360757785373288, 46.375353325737869 ], [ 35.308972846137181, 46.42180684407554 ], [ 35.262146674262176, 46.573257785373286 ], [ 35.196586778428845, 46.617466566297765 ], [ 35.19521586100263, 46.669465467664956 ], [ 35.258344862196203, 46.764016384548633 ], [ 35.228813340928845, 46.835757785373289 ], [ 35.175, 46.879166666666691 ], [ 35.052031792534748, 46.875642903645861 ], [ 35.02916666666669, 46.929166666666696 ], [ 35.120168389214435, 46.955023532443604 ], [ 35.185784233941, 47.029519992404538 ], [ 35.366666666666696, 47.0375 ], [ 35.392517428927974, 47.103315904405406 ], [ 35.479166666666693, 47.129166666666691 ], [ 35.566666666666691, 47.28333333333336 ], [ 35.604166666666693, 47.28333333333336 ], [ 35.605138481987872, 47.349231804741784 ], [ 35.758333333333361, 47.441666666666698 ], [ 35.8375, 47.433333333333366 ], [ 35.86875, 47.396394856770861 ], [ 36.003498670789959, 47.390854220920168 ], [ 36.033333333333367, 47.34583333333336 ], [ 36.340687561035175, 47.299367268880239 ], [ 36.369982401529967, 47.263350931803416 ] ] ] } },
{ "type": "Feature", "properties": { "basin_id": 2060006810, "pfaf_id": 224005, "sub_area_km2": 6753.8 }, "geometry": { "type": "MultiPolygon", "coordinates": [ [ [ [ 36.219444444444463, 46.558333333333358 ], [ 36.218182712131096, 46.567284138997422 ], [ 36.225169372558611, 46.565490383572069 ], [ 36.219444444444463, 46.558333333333358 ] ] ], [ [ [ 35.529733954535615, 46.748043823242213 ], [ 35.701918538411491, 46.928637017144126 ], [ 35.802424452039958, 46.929519992404543 ], [ 35.873286946614613, 46.967019992404538 ], [ 35.97721048990887, 46.95056728786895 ], [ 36.291666666666686, 47.041666666666693 ], [ 36.325850931803402, 47.119982571072079 ], [ 36.445833333333354, 47.225 ], [ 36.433333333333351, 47.266666666666694 ], [ 36.536494106716596, 47.275618320041261 ], [ 36.576956176757832, 47.328599378797776 ], [ 36.675, 47.304166666666696 ], [ 36.684079996744813, 47.338067287868952 ], [ 36.777210489908875, 47.32556728786895 ], [ 36.868408881293426, 47.362146674262185 ], [ 37.02825113932294, 47.350598483615478 ], [ 37.108333333333356, 47.383333333333361 ], [ 37.131122843424507, 47.346400621202285 ], [ 37.194924248589437, 47.353543090820345 ], [ 37.229806179470508, 47.250973510742213 ], [ 37.291934204101587, 47.21761525472008 ], [ 37.27916666666669, 47.183333333333358 ], [ 37.397968207465304, 47.17852393256296 ], [ 37.575, 47.0875 ], [ 37.521694946289088, 47.070502387152807 ], [ 37.306326972113737, 46.86728413899742 ], [ 37.282715861002629, 46.869833713107667 ], [ 37.32021586100263, 46.906326972113739 ], [ 37.23578694661461, 46.950353325737872 ], [ 36.964456176757835, 46.849432712131104 ], [ 36.891666666666687, 46.8 ], [ 36.828523932562959, 46.689531792534744 ], [ 36.767300415039081, 46.628523763020858 ], [ 36.745190599229623, 46.637178209092909 ], [ 36.828565470377626, 46.702076551649327 ], [ 36.815485297309053, 46.724757215711833 ], [ 36.718801710340735, 46.778523763020857 ], [ 36.618635389539953, 46.778586832682315 ], [ 36.376968722873279, 46.707753499348982 ], [ 36.224675496419287, 46.542680189344644 ], [ 36.164583333333347, 46.496325683593774 ], [ 36.099420166015641, 46.494581095377626 ], [ 36.149273512098539, 46.51338602701825 ], [ 36.149420166015638, 46.544265068901936 ], [ 36.181364610460086, 46.529746500651065 ], [ 36.218864610460088, 46.550579833984401 ], [ 36.258315531412777, 46.593128797743077 ], [ 36.228526645236563, 46.65323621961808 ], [ 35.943408881293436, 46.662146674262175 ], [ 35.72083333333336, 46.583333333333357 ], [ 35.593877156575552, 46.483900621202281 ], [ 35.445833333333361, 46.433333333333358 ], [ 35.558407931857666, 46.513712565104193 ], [ 35.5875, 46.616666666666688 ], [ 35.5375, 46.645833333333357 ], [ 35.529733954535615, 46.748043823242213 ] ] ] ] } },
{ "type": "Feature", "properties": { "basin_id": 2060515580, "pfaf_id": 225113, "sub_area_km2": 8072.8 }, "geometry": { "type": "Polygon", "coordinates": [ [ [ 32.96339959038631, 47.061838785807318 ], [ 33.024417114257837, 47.08425292968753 ], [ 33.042881605360265, 47.133900621202287 ], [ 33.268914794921898, 47.150529649522596 ], [ 33.388029649522593, 47.232181633843346 ], [ 33.3375, 47.275 ], [ 33.380086263020857, 47.311795722113743 ], [ 33.586672634548641, 47.405223931206628 ], [ 33.609138319227455, 47.470065307617219 ], [ 33.77852884928388, 47.534239027235273 ], [ 33.800771416558192, 47.624228583441869 ], [ 33.910415818956174, 47.645819600423209 ], [ 33.95416666666668, 47.6375 ], [ 33.980908881293416, 47.583686659071212 ], [ 34.032728237575967, 47.581339348687095 ], [ 34.042386203342026, 47.500793287489181 ], [ 34.08333333333335, 47.495833333333366 ], [ 34.071511162651923, 47.41328091091583 ], [ 34.28192443847658, 47.395812310112881 ], [ 34.345833333333353, 47.316666666666698 ], [ 34.471362813313817, 47.311157565646731 ], [ 34.425, 47.254166666666698 ], [ 34.434061686197936, 47.196593390570776 ], [ 34.550420803493942, 47.144940524631103 ], [ 34.479166666666686, 47.120833333333358 ], [ 34.342247517903665, 47.187997266981363 ], [ 34.324171278211821, 47.16317003038197 ], [ 34.127083333333346, 47.153698052300378 ], [ 33.791690063476594, 46.85542839898006 ], [ 33.651714409722253, 46.807978651258708 ], [ 33.651716105143258, 46.728813340928845 ], [ 33.579166666666694, 46.766666666666694 ], [ 33.479784138997424, 46.677160305447075 ], [ 33.457588365342907, 46.613530137803842 ], [ 33.34647115071617, 46.553260972764782 ], [ 33.229166666666693, 46.416666666666686 ], [ 33.086285061306448, 46.353599378797767 ], [ 32.967413330078145, 46.363067287868944 ], [ 32.844845581054706, 46.279805162217905 ], [ 32.651367865668419, 46.307715861002627 ], [ 32.649604119194898, 46.340698920355926 ], [ 32.571746656629792, 46.35477430555558 ], [ 32.5625, 46.383333333333354 ], [ 32.819780985514342, 46.471592203776062 ], [ 32.820560540093339, 46.53253987630211 ], [ 32.8875, 46.5625 ], [ 32.833950975206186, 46.647839694552978 ], [ 32.837017991807748, 46.746832614474854 ], [ 32.865876261393254, 46.780106947157144 ], [ 32.887968614366343, 46.96875 ], [ 32.96339959038631, 47.061838785807318 ] ] ] } },
{ "type": "Feature", "properties": { "basin_id": 2060007930, "pfaf_id": 225111, "sub_area_km2": 3792.6 }, "geometry": { "type": "Polygon", "coordinates": [ [ [ 32.375, 46.525 ], [ 32.383333333333354, 46.575 ], [ 32.43242407904733, 46.579790242513042 ], [ 32.432558695475279, 46.632594129774333 ], [ 32.204809400770415, 46.810468207465306 ], [ 32.249393886990035, 46.852083333333361 ], [ 32.250774637858086, 46.957594129774336 ], [ 32.29090186225045, 46.971669175889787 ], [ 32.27083333333335, 47.104166666666693 ], [ 32.332766045464425, 47.160289510091175 ], [ 32.329524739583348, 47.219123501247857 ], [ 32.36247643364802, 47.252905103895429 ], [ 32.503395250108525, 47.334104749891523 ], [ 32.529166666666683, 47.4 ], [ 32.471568806966161, 47.490866767035619 ], [ 32.6, 47.6666666666667 ], [ 32.663167995876755, 47.541835021972688 ], [ 32.641415066189253, 47.500773451063395 ], [ 32.675251600477452, 47.499226548936662 ], [ 32.658333333333353, 47.466666666666697 ], [ 32.754152933756529, 47.402084011501763 ], [ 32.775, 47.225 ], [ 32.820833333333354, 47.183333333333358 ], [ 32.808600701226148, 47.125948418511314 ], [ 32.7, 47.016666666666694 ], [ 32.746400621202277, 46.963246663411482 ], [ 32.741666666666688, 46.8 ], [ 32.691145833333351, 46.755507066514781 ], [ 32.7125, 46.7 ], [ 32.829166666666687, 46.6875 ], [ 32.8875, 46.5625 ], [ 32.820560540093339, 46.53253987630211 ], [ 32.819780985514342, 46.471592203776062 ], [ 32.511753336588562, 46.370266045464433 ], [ 32.475, 46.395833333333357 ], [ 32.479166666666686, 46.4875 ], [ 32.517309400770415, 46.544385443793423 ], [ 32.375, 46.525 ] ] ] } },
{ "type": "Feature", "properties": { "basin_id": 2060493390, "pfaf_id": 225116, "sub_area_km2": 2888.6 }, "geometry": { "type": "Polygon", "coordinates": [ [ [ 36.340687561035175, 47.299367268880239 ], [ 36.033333333333367, 47.34583333333336 ], [ 36.003498670789959, 47.390854220920168 ], [ 35.86875, 47.396394856770861 ], [ 35.8375, 47.433333333333366 ], [ 35.764242214626762, 47.437853325737876 ], [ 35.680131022135441, 47.500964185926676 ], [ 35.639924452039956, 47.607980007595515 ], [ 35.280103895399328, 47.545266045464444 ], [ 35.0375, 47.5625 ], [ 35.210969712999159, 47.629206848144563 ], [ 35.374411010742215, 47.730084737141958 ], [ 35.380908881293429, 47.762146674262183 ], [ 35.475, 47.775 ], [ 35.479166666666693, 47.816666666666698 ], [ 35.5375, 47.841666666666697 ], [ 35.609079996744818, 47.824432712131113 ], [ 35.727210489908884, 47.849432712131112 ], [ 35.733333333333363, 47.8125 ], [ 35.841666666666697, 47.775 ], [ 35.934140353732673, 47.679872300889791 ], [ 36.127160135904965, 47.666049024793871 ], [ 36.265747239854619, 47.595129055447082 ], [ 36.3625, 47.495833333333366 ], [ 36.478770785861563, 47.465698920355933 ], [ 36.591666666666683, 47.329166666666694 ], [ 36.479913330078141, 47.257766045464436 ], [ 36.366666666666681, 47.2625 ], [ 36.340687561035175, 47.299367268880239 ] ] ] } },
{ "type": "Feature", "properties": { "basin_id": 2060495760, "pfaf_id": 225115, "sub_area_km2": 5974.9 }, "geometry": { "type": "Polygon", "coordinates": [ [ [ 34.654827880859393, 47.953267076280419 ], [ 34.929166666666688, 48.054166666666688 ], [ 34.991652764214436, 47.977082655164963 ], [ 34.854519992404533, 47.760075547960099 ], [ 34.979166666666693, 47.7291666666667 ], [ 34.967233954535615, 47.626956176757844 ], [ 35.038399590386305, 47.554827880859406 ], [ 35.280103895399328, 47.545266045464444 ], [ 35.639924452039956, 47.607980007595515 ], [ 35.680131022135441, 47.500964185926676 ], [ 35.757433742947079, 47.438161214192739 ], [ 35.589953613281281, 47.337146674262179 ], [ 35.242881605360267, 47.379733954535624 ], [ 35.200353325737872, 47.323257785373293 ], [ 35.191666666666691, 47.229166666666693 ], [ 34.980908881293423, 47.216313340928849 ], [ 34.569896104600716, 47.124432712131103 ], [ 34.434061686197936, 47.196593390570776 ], [ 34.425, 47.254166666666698 ], [ 34.471362813313817, 47.311157565646731 ], [ 34.345833333333353, 47.316666666666698 ], [ 34.28192443847658, 47.395812310112881 ], [ 34.071511162651923, 47.41328091091583 ], [ 34.074432712131092, 47.482118394639791 ], [ 34.116868082682309, 47.522052001953156 ], [ 34.100644429524756, 47.586596171061231 ], [ 34.175, 47.5875 ], [ 34.14583333333335, 47.7 ], [ 34.302424452039951, 47.717019992404545 ], [ 34.654827880859393, 47.953267076280419 ] ] ] } },
{ "type": "Feature", "properties": { "basin_id": 2060008360, "pfaf_id": 226070, "sub_area_km2": 3048.3 }, "geometry": { "type": "Polygon", "coordinates": [ [ [ 30.104166666666682, 46.27916666666669 ], [ 30.164242214626753, 46.175353325737881 ], [ 30.386607021755662, 46.108754136827294 ], [ 30.420833333333352, 46.05 ], [ 30.461753336588561, 46.075567287868942 ], [ 30.469982401529968, 46.067517428927971 ], [ 30.218877156575537, 45.858900621202288 ], [ 29.716666666666679, 45.579166666666701 ], [ 29.750630187988293, 45.646229553222689 ], [ 29.704166666666694, 45.75 ], [ 29.716099378797772, 45.884079996744823 ], [ 29.791666666666696, 46.2 ], [ 29.704166666666694, 46.345833333333353 ], [ 29.727, 46.465 ], [ 29.777, 46.455 ], [ 29.825, 46.395 ], [ 29.807, 46.384 ], [ 29.888, 46.353 ], [ 29.939, 46.401 ], [ 29.978654919532708, 46.38612940517524 ], [ 30.104166666666682, 46.27916666666669 ] ] ] } },
{ "type": "Feature", "properties": { "basin_id": 2060008440, "pfaf_id": 226080, "sub_area_km2": 5387.6 }, "geometry": { "type": "Polygon", "coordinates": [ [ [ 29.596191406250028, 45.539209832085533 ], [ 29.583597819010443, 45.713637118869393 ], [ 29.49077928331166, 45.899291483561228 ], [ 29.425, 45.958333333333371 ], [ 29.293622843424505, 45.975567287868955 ], [ 29.194120279947942, 46.132978481716613 ], [ 28.975704277886308, 46.280086263020856 ], [ 29.0, 46.317 ], [ 28.932, 46.459 ], [ 29.025, 46.464 ], [ 28.981, 46.488 ], [ 29.164, 46.516 ], [ 29.161, 46.544 ], [ 29.224260652784217, 46.556823105294093 ], [ 29.258, 46.487 ], [ 29.221, 46.464 ], [ 29.246, 46.418 ], [ 29.206, 46.387 ], [ 29.243, 46.376 ], [ 29.319, 46.414 ], [ 29.309, 46.465 ], [ 29.351, 46.504 ], [ 29.394, 46.426 ], [ 29.446, 46.497 ], [ 29.605, 46.355 ], [ 29.677, 46.361 ], [ 29.66, 46.435 ], [ 29.712186880855377, 46.431247266844871 ], [ 29.720833333333363, 46.2875 ], [ 29.791666666666696, 46.2 ], [ 29.704166666666694, 45.75 ], [ 29.749217393663208, 45.634037950303849 ], [ 29.6375, 45.529166666666697 ], [ 29.596191406250028, 45.539209832085533 ] ] ] } },
{ "type": "Feature", "properties": { "basin_id": 2060007940, "pfaf_id": 226010, "sub_area_km2": 1092.9 }, "geometry": { "type": "MultiPolygon", "coordinates": [ [ [ [ 32.294581095377623, 46.561920166015646 ], [ 32.286920166015641, 46.563657972547766 ], [ 32.295833333333348, 46.566666666666691 ], [ 32.294581095377623, 46.561920166015646 ] ] ], [ [ [ 32.204809400770415, 46.810468207465306 ], [ 32.350861443413649, 46.67116427951391 ], [ 32.432558695475279, 46.632594129774333 ], [ 32.43242407904733, 46.579790242513042 ], [ 32.383333333333354, 46.575 ], [ 32.375, 46.525 ], [ 32.320833333333354, 46.5 ], [ 32.280429924858957, 46.500632392035612 ], [ 32.303605143229184, 46.56041666666669 ], [ 32.290747239854618, 46.574295722113739 ], [ 32.266666666666687, 46.5875 ], [ 32.140920003255225, 46.553599378797763 ], [ 32.107750447591158, 46.60741373697919 ], [ 32.006173027886319, 46.633950805664085 ], [ 31.920215861002635, 46.788115776909748 ], [ 32.011761305067289, 46.875879584418428 ], [ 32.018380398220501, 46.928812662760443 ], [ 32.152424452039945, 46.958686659071205 ], [ 32.2625, 47.054166666666696 ], [ 32.291666666666686, 46.979166666666693 ], [ 32.250774637858086, 46.957594129774336 ], [ 32.249393886990035, 46.852083333333361 ], [ 32.204809400770415, 46.810468207465306 ] ] ] ] } },
{ "type": "Feature", "properties": { "basin_id": 2060008350, "pfaf_id": 226061, "sub_area_km2": 11627.3 }, "geometry": { "type": "MultiPolygon", "coordinates": [ [ [ [ 29.235, 46.559 ], [ 29.232482571072072, 46.553315904405409 ], [ 29.224260652784217, 46.556823105294093 ], [ 29.235, 46.559 ] ] ], [ [ [ 29.347916666666691, 47.374985419379371 ], [ 29.349916086593328, 47.373 ], [ 29.345917246740054, 47.373 ], [ 29.347916666666691, 47.374985419379371 ] ] ], [ [ [ 29.393408881293428, 47.378813340928851 ], [ 29.456301540798638, 47.375642734103764 ], [ 29.5625, 47.433333333333366 ], [ 29.532690429687527, 47.503844875759583 ], [ 29.575, 47.654166666666697 ], [ 29.732672119140652, 47.553267076280413 ], [ 29.767327880859405, 47.446732923719651 ], [ 29.958333333333346, 47.258333333333361 ], [ 29.942233954535606, 47.156122843424505 ], [ 30.054166666666681, 47.05 ], [ 30.033950975206178, 46.922839694552977 ], [ 30.23001759847007, 46.546684095594642 ], [ 30.35, 46.358333333333356 ], [ 30.463067287868942, 46.292413330078148 ], [ 30.446684265136739, 46.213350762261307 ], [ 30.529733954535608, 46.146845160590296 ], [ 30.474149068196635, 46.071684095594634 ], [ 30.420833333363365, 46.050000000205962 ], [ 30.386607021755662, 46.108754136827294 ], [ 30.357582770453575, 46.099357265896302 ], [ 30.302424452039947, 46.153813340928856 ], [ 30.164242214626753, 46.175353325737881 ], [ 30.104166666666682, 46.27916666666669 ], [ 29.996684265136732, 46.355017428927972 ], [ 29.978654919532708, 46.38612940517524 ], [ 30.091, 46.382 ], [ 30.162, 46.414 ], [ 30.026, 46.442 ], [ 29.986, 46.509 ], [ 29.939, 46.494 ], [ 29.877, 46.547 ], [ 29.945, 46.558 ], [ 29.971, 46.687 ], [ 29.941, 46.805 ], [ 29.982, 46.818 ], [ 29.907, 46.823 ], [ 29.881, 46.885 ], [ 29.75, 46.863 ], [ 29.717, 46.931 ], [ 29.573, 46.941 ], [ 29.603, 47.042 ], [ 29.63, 47.046 ], [ 29.612, 47.099 ], [ 29.533, 47.077 ], [ 29.495, 47.129 ], [ 29.581, 47.135 ], [ 29.553, 47.251 ], [ 29.599, 47.257 ], [ 29.574, 47.37 ], [ 29.491, 47.355 ], [ 29.486, 47.308 ], [ 29.428, 47.292 ], [ 29.397, 47.301 ], [ 29.393408881293428, 47.378813340928851 ] ] ] ] } },
{ "type": "Feature", "properties": { "basin_id": 2060008170, "pfaf_id": 226050, "sub_area_km2": 7214.1 }, "geometry": { "type": "Polygon", "coordinates": [ [ [ 30.753366258409308, 46.37056511773006 ], [ 30.477424452039948, 46.075353325737865 ], [ 30.467024739583351, 46.080876329210092 ], [ 30.529733954535608, 46.146845160590296 ], [ 30.446684265136739, 46.213350762261307 ], [ 30.463067287868942, 46.292413330078148 ], [ 30.441666666666684, 46.320833333333354 ], [ 30.35, 46.358333333333356 ], [ 30.054960801866336, 46.867460801866343 ], [ 30.029166666666697, 46.945833333333361 ], [ 30.054166666666681, 47.05 ], [ 29.979166666666696, 47.104166666666693 ], [ 29.929166666666696, 47.195833333333361 ], [ 29.958333333333346, 47.258333333333361 ], [ 29.767327880859405, 47.446732923719651 ], [ 29.695250447591174, 47.594913567437096 ], [ 29.558333333333362, 47.670833333333363 ], [ 29.545833333333359, 47.733333333333363 ], [ 29.689924452039961, 47.720480007595519 ], [ 30.11876593695748, 47.566668023003501 ], [ 30.343622843424498, 47.338067287868952 ], [ 30.566666666666684, 47.229166666666693 ], [ 30.720833333333353, 46.97083333333336 ], [ 30.820026991102452, 46.899382527669296 ], [ 30.875999620225716, 46.93395080566409 ], [ 30.948287285698807, 46.912142266167564 ], [ 30.979166666666689, 46.8625 ], [ 30.971720716688392, 46.796542019314259 ], [ 31.174646674262178, 46.631591118706623 ], [ 30.75, 46.541666666666693 ], [ 30.7375, 46.504166666666691 ], [ 30.775655449761306, 46.45024583604603 ], [ 30.753366258409308, 46.37056511773006 ] ], [ [ 31.004166666666691, 46.65416666666669 ], [ 31.0, 46.65833333333336 ], [ 31.000850762261308, 46.655017428927977 ], [ 31.004166666666691, 46.65416666666669 ] ], [ [ 31.016666666666691, 46.604166666666693 ], [ 31.015927463107662, 46.65339185926652 ], [ 31.008333333333358, 46.65416666666669 ], [ 31.016666666666691, 46.604166666666693 ] ], [ [ 30.664242214626757, 46.321186659071202 ], [ 30.660790167914517, 46.328808593750018 ], [ 30.658333333333353, 46.329166666666687 ], [ 30.664242214626757, 46.321186659071202 ] ] ] } },
{ "type": "Feature", "properties": { "basin_id": 2060008010, "pfaf_id": 226030, "sub_area_km2": 2856.5 }, "geometry": { "type": "MultiPolygon", "coordinates": [ [ [ [ 31.415277777777803, 46.59166666666669 ], [ 31.405734931098117, 46.604746500651068 ], [ 31.415841674804714, 46.603438991970506 ], [ 31.415277777777803, 46.59166666666669 ] ] ], [ [ [ 31.249646674262177, 47.110757785373295 ], [ 31.241666666666692, 47.291666666666693 ], [ 31.275776841905408, 47.307548522949247 ], [ 31.459548272026936, 47.321400621202287 ], [ 31.615767076280409, 47.274338785807323 ], [ 31.549646674262181, 47.181620449490048 ], [ 31.709127468533016, 46.954960801866349 ], [ 31.999161105685793, 46.907675849066869 ], [ 31.875567287868954, 46.789710489908877 ], [ 31.925567287868954, 46.728178575303843 ], [ 31.903599378797772, 46.647789510091172 ], [ 31.795086669921904, 46.60776604546443 ], [ 31.611753336588571, 46.646400621202282 ], [ 31.544896104600721, 46.599432712131097 ], [ 31.48971048990888, 46.624432712131103 ], [ 31.339953613281274, 46.599646674262175 ], [ 31.179166666666692, 46.625 ], [ 31.236807929144991, 46.630096435546896 ], [ 31.229166666666693, 46.679166666666688 ], [ 31.28333333333336, 46.758333333333361 ], [ 31.3, 46.854166666666693 ], [ 31.27916666666669, 46.9375 ], [ 31.216681247287351, 46.989583333333357 ], [ 31.249646674262177, 47.110757785373295 ] ], [ [ 31.470020887586834, 46.749332004123289 ], [ 31.486838446723116, 46.688313462999155 ], [ 31.417474365234401, 46.634293619791691 ], [ 31.503463745117216, 46.667595757378493 ], [ 31.541099378797771, 46.767516750759576 ], [ 31.591666666666693, 46.8 ], [ 31.535075547960098, 46.778813340928842 ], [ 31.505103895399333, 46.724432712131104 ], [ 31.470020887586834, 46.749332004123289 ] ], [ [ 31.592019992404541, 46.814242214626759 ], [ 31.599646674262182, 46.819091118706623 ], [ 31.591666666666693, 46.825 ], [ 31.592019992404541, 46.814242214626759 ] ] ] ] } },
{ "type": "Feature", "properties": { "basin_id": 2060008000, "pfaf_id": 226021, "sub_area_km2": 233.7 }, "geometry": { "type": "Polygon", "coordinates": [ [ [ 32.003813340928836, 46.901742214626765 ], [ 31.709127468533016, 46.954960801866349 ], [ 31.654166666666693, 47.05 ], [ 31.765704006618954, 47.06586642795142 ], [ 31.846720716688399, 46.988208346896727 ], [ 31.975, 46.991666666666696 ], [ 32.05, 46.941666666666691 ], [ 32.003813340928836, 46.901742214626765 ] ] ] } },
{ "type": "Feature", "properties": { "basin_id": 2060008160, "pfaf_id": 226040, "sub_area_km2": 5381.0 }, "geometry": { "type": "Polygon", "coordinates": [ [ [ 29.653316582573812, 47.888067287868957 ], [ 30.027424452039945, 47.804519992404551 ], [ 30.085049947102881, 47.816313340928851 ], [ 30.109470452202707, 47.871097988552549 ], [ 30.190816582573802, 47.80776604546444 ], [ 30.345536634657137, 47.769726901584235 ], [ 30.392825486924931, 47.675113932291701 ], [ 30.5125, 47.6041666666667 ], [ 30.55, 47.5416666666667 ], [ 30.6125, 47.533333333333367 ], [ 30.691666666666688, 47.470833333333367 ], [ 30.88966030544707, 47.424382358127204 ], [ 31.0375, 47.320833333333361 ], [ 31.094916110568601, 47.341073777940565 ], [ 31.241666666666692, 47.291666666666693 ], [ 31.258686659071206, 47.072546386718777 ], [ 31.216681247287351, 46.989583333333357 ], [ 31.27916666666669, 46.9375 ], [ 31.3, 46.854166666666693 ], [ 31.28333333333336, 46.758333333333361 ], [ 31.229166666666693, 46.679166666666688 ], [ 31.236807929144991, 46.630096435546896 ], [ 31.175, 46.625 ], [ 31.128583780924505, 46.690747070312526 ], [ 31.020833333333357, 46.745833333333358 ], [ 30.96666666666669, 46.804166666666688 ], [ 30.979166666666689, 46.8625 ], [ 30.948287285698807, 46.912142266167564 ], [ 30.875999620225716, 46.93395080566409 ], [ 30.820026991102452, 46.899382527669296 ], [ 30.720833333333353, 46.97083333333336 ], [ 30.566666666666684, 47.229166666666693 ], [ 30.343622843424498, 47.338067287868952 ], [ 30.11876593695748, 47.566668023003501 ], [ 29.689924452039961, 47.720480007595519 ], [ 29.539456176757838, 47.733900621202288 ], [ 29.503813340928847, 47.843379550510015 ], [ 29.534089491102456, 47.878410508897602 ], [ 29.653316582573812, 47.888067287868957 ] ] ] } },
{ "type": "Feature", "properties": { "basin_id": 2060508300, "pfaf_id": 226023, "sub_area_km2": 9798.9 }, "geometry": { "type": "Polygon", "coordinates": [ [ [ 31.788117472330757, 48.093826802571648 ], [ 31.831326972113743, 48.124382358127207 ], [ 31.915672810872412, 48.1035349527995 ], [ 31.953505452473973, 48.057433742947069 ], [ 31.990992906358521, 47.905063035753074 ], [ 31.958900621202272, 47.881377156575553 ], [ 31.957429843478746, 47.796479119194913 ], [ 31.91193271213109, 47.765451727973122 ], [ 31.920142449273019, 47.713440280490481 ], [ 31.883900621202272, 47.68971048990889 ], [ 31.875, 47.583333333333364 ], [ 31.999002244737429, 47.520222981770864 ], [ 32.058686659071199, 47.430882263183626 ], [ 32.028559197319893, 47.317579989963136 ], [ 31.916666666666682, 47.2 ], [ 31.907766045464424, 47.150746663411489 ], [ 32.000529649522598, 47.000940619574678 ], [ 31.910757785373296, 46.979519992404541 ], [ 31.846720716688399, 46.988208346896727 ], [ 31.765704006618954, 47.06586642795142 ], [ 31.641666666666694, 47.05 ], [ 31.549646674262181, 47.181620449490048 ], [ 31.615767076280409, 47.274338785807323 ], [ 31.459548272026936, 47.321400621202287 ], [ 31.404166666666693, 47.3 ], [ 31.334527248806449, 47.325120713975721 ], [ 31.25625, 47.288038804796038 ], [ 31.182864040798634, 47.291049024793864 ], [ 31.094916110568601, 47.341073777940565 ], [ 31.0375, 47.320833333333361 ], [ 30.88966030544707, 47.424382358127204 ], [ 30.691666666666688, 47.470833333333367 ], [ 30.6125, 47.533333333333367 ], [ 30.55, 47.5416666666667 ], [ 30.5125, 47.6041666666667 ], [ 30.392825486924931, 47.675113932291701 ], [ 30.345536634657137, 47.769726901584235 ], [ 30.190816582573802, 47.80776604546444 ], [ 30.14583333333335, 47.85 ], [ 30.183333333333351, 47.870833333333366 ], [ 30.340451727973107, 47.828599378797776 ], [ 30.399253336588558, 47.863067287868958 ], [ 30.523904079861129, 47.850584581163226 ], [ 30.680908881293423, 47.907980007595519 ], [ 30.827083333333356, 47.900468783908451 ], [ 30.858333333333356, 47.945833333333368 ], [ 30.842233954535612, 48.056377156575543 ], [ 30.895227389865475, 48.076001315646721 ], [ 30.905381605360265, 48.12973395453561 ], [ 31.144091118706623, 48.117019992404536 ], [ 31.4125, 48.191666666666684 ], [ 31.5125, 48.116666666666688 ], [ 31.575, 48.1375 ], [ 31.788117472330757, 48.093826802571648 ] ] ] } },
{ "type": "Feature", "properties": { "basin_id": 2060006690, "pfaf_id": 224003, "sub_area_km2": 3360.0 }, "geometry": { "type": "Polygon", "coordinates": [ [ [ 38.081339348687081, 47.107728407118081 ], [ 37.579166666666694, 47.091666666666697 ], [ 37.806591118706628, 47.175353325737873 ], [ 37.933950805664097, 47.307494947645431 ], [ 37.967019992404531, 47.405882263183621 ], [ 37.9508995903863, 47.436838785807325 ], [ 38.053263176812081, 47.525645785861578 ], [ 38.063350931803399, 47.574149068196647 ], [ 38.299360656738301, 47.74680684407555 ], [ 38.316666666666684, 47.8 ], [ 38.452424452039949, 47.816313340928851 ], [ 38.63248240152997, 47.719982401529982 ], [ 38.654247339591528, 47.669328419405232 ], [ 38.62, 47.645 ], [ 38.352, 47.614 ], [ 38.348, 47.577 ], [ 38.311, 47.58 ], [ 38.283, 47.542 ], [ 38.3, 47.395 ], [ 38.221, 47.305 ], [ 38.335, 47.31 ], [ 38.331, 47.265 ], [ 38.234, 47.229 ], [ 38.228318889730815, 47.116436922654323 ], [ 38.156339348687084, 47.05893825954864 ], [ 38.091061570909304, 47.026667277018255 ], [ 38.13377719455297, 47.063258192274333 ], [ 38.081339348687081, 47.107728407118081 ] ] ] } },
{ "type": "Feature", "properties": { "basin_id": 2060006590, "pfaf_id": 223100, "sub_area_km2": 7570.9 }, "geometry": { "type": "Polygon", "coordinates": [ [ [ 39.117233954535614, 47.851956176757845 ], [ 39.108333333333356, 47.875 ], [ 39.210786946614604, 47.896186659071212 ], [ 39.33125, 47.875014580620693 ], [ 39.494091118706621, 47.896186659071212 ], [ 39.608333333333363, 48.020833333333371 ], [ 39.684232923719648, 47.942327880859409 ], [ 39.758333333333361, 47.92083333333337 ], [ 39.7, 47.8875 ], [ 39.76208832654843, 47.847507877653456 ], [ 39.529, 47.828 ], [ 39.446, 47.86 ], [ 39.413, 47.829 ], [ 39.389, 47.87 ], [ 39.117233954535614, 47.851956176757845 ] ] ] } },
{ "type": "Feature", "properties": { "basin_id": 2060006680, "pfaf_id": 224002, "sub_area_km2": 7058.8 }, "geometry": { "type": "Polygon", "coordinates": [ [ [ 38.117443339029961, 48.309053209092902 ], [ 38.360757785373281, 48.300353325737866 ], [ 38.470833333333353, 48.354166666666686 ], [ 38.644116550021721, 48.253813340928843 ], [ 38.814924452039953, 48.295480007595508 ], [ 38.925, 48.220833333333353 ], [ 39.070833333333354, 48.220833333333367 ], [ 39.168408881293431, 48.133686659071216 ], [ 39.527424452039959, 48.078813340928853 ], [ 39.6125, 48.054166666666703 ], [ 39.612146674262178, 48.030908881293435 ], [ 39.494091118706621, 47.896186659071212 ], [ 39.141666666666694, 47.8875 ], [ 39.11, 47.845 ], [ 39.08, 47.87 ], [ 38.849, 47.864 ], [ 38.827, 47.818 ], [ 38.79, 47.815 ], [ 38.773, 47.686 ], [ 38.666, 47.699 ], [ 38.654247339591528, 47.669328419405232 ], [ 38.63248240152997, 47.719982401529982 ], [ 38.507342868381095, 47.795214165581633 ], [ 38.431617736816428, 47.817019992404546 ], [ 38.339242214626751, 47.792019992404548 ], [ 38.225, 47.85833333333337 ], [ 38.2375, 47.891666666666701 ], [ 38.188173760308175, 47.934229702419742 ], [ 38.178599378797756, 48.023043823242226 ], [ 38.041666666666686, 48.1125 ], [ 38.032980007595498, 48.177424452039951 ], [ 37.971188184950101, 48.214213053385436 ], [ 38.05, 48.3375 ], [ 38.117443339029961, 48.309053209092902 ] ] ] } },
{ "type": "Feature", "properties": { "basin_id": 2060491970, "pfaf_id": 223401, "sub_area_km2": 8486.2 }, "geometry": { "type": "Polygon", "coordinates": [ [ [ 39.760757785373293, 47.846186659071215 ], [ 39.7, 47.8875 ], [ 39.758333333333361, 47.92083333333337 ], [ 39.64653625488284, 47.975929260253942 ], [ 39.613637288411489, 48.058597988552556 ], [ 39.794091118706625, 48.087146674262186 ], [ 39.886, 48.044 ], [ 39.779, 48.04 ], [ 39.82, 47.96 ], [ 39.760757785373293, 47.846186659071215 ] ] ] } },
{ "type": "Feature", "properties": { "basin_id": 2060006800, "pfaf_id": 224004, "sub_area_km2": 5021.5 }, "geometry": { "type": "Polygon", "coordinates": [ [ [ 37.691099378797773, 47.893877156575556 ], [ 37.688176472981802, 47.978355407714879 ], [ 37.7875, 48.104166666666686 ], [ 37.855385335286485, 48.129368082682326 ], [ 37.94375, 48.095847913954032 ], [ 38.064710489908869, 48.111932712131114 ], [ 38.178599378797756, 48.023043823242226 ], [ 38.188173760308175, 47.934229702419742 ], [ 38.2375, 47.891666666666701 ], [ 38.225, 47.85833333333337 ], [ 38.316666666666684, 47.8 ], [ 38.25, 47.7 ], [ 38.063350931803399, 47.574149068196647 ], [ 38.053263176812081, 47.525645785861578 ], [ 37.9508995903863, 47.436838785807325 ], [ 37.966313340928835, 47.401742214626765 ], [ 37.9166666666667, 47.28333333333336 ], [ 37.748043823242213, 47.13806728786895 ], [ 37.575, 47.0875 ], [ 37.397968207465304, 47.17852393256296 ], [ 37.27916666666669, 47.183333333333358 ], [ 37.291934204101587, 47.21761525472008 ], [ 37.229806179470508, 47.250973510742213 ], [ 37.2121039496528, 47.336532253689263 ], [ 37.121494547526069, 47.350899590386312 ], [ 37.125850762261308, 47.465815734863313 ], [ 37.407672119140649, 47.471732923719649 ], [ 37.429799397786482, 47.544854227701855 ], [ 37.512146674262183, 47.576742214626769 ], [ 37.479166666666693, 47.6125 ], [ 37.492233954535614, 47.731377156575554 ], [ 37.53333333333336, 47.775 ], [ 37.620833333333358, 47.79583333333337 ], [ 37.691099378797773, 47.893877156575556 ] ] ] } },
{ "type": "Feature", "properties": { "basin_id": 2060515460, "pfaf_id": 225112, "sub_area_km2": 14486.7 }, "geometry": { "type": "Polygon", "coordinates": [ [ [ 32.767019992404535, 47.881591118706631 ], [ 32.754519992404532, 48.060757785373298 ], [ 32.791666666666686, 48.091666666666683 ], [ 32.750567287868947, 48.12695617675783 ], [ 32.770833333333357, 48.1875 ], [ 32.745833333333351, 48.275 ], [ 32.812146674262173, 48.326742214626755 ], [ 32.799394904242646, 48.371373833550372 ], [ 32.840829128689258, 48.388171725802977 ], [ 32.832728237575978, 48.425540500217039 ], [ 32.875, 48.475 ], [ 32.654869588216165, 48.575929090711831 ], [ 32.566666666666684, 48.7625 ], [ 32.45833333333335, 48.754166666666691 ], [ 32.379166666666684, 48.708333333333357 ], [ 32.331802876790384, 48.779126315646728 ], [ 32.258333333333347, 48.791666666666693 ], [ 32.307586669921889, 48.846400621202285 ], [ 32.478360324435783, 48.845215861002629 ], [ 32.641666666666687, 48.90416666666669 ], [ 32.770086669921895, 48.86609937879777 ], [ 33.0125, 48.929166666666696 ], [ 33.078194851345508, 48.907564968533009 ], [ 33.125812445746554, 48.829834662543426 ], [ 33.165636528862869, 48.857588365342906 ], [ 33.226214938693602, 48.791099378797767 ], [ 33.299253336588563, 48.817233954535617 ], [ 33.345086669921898, 48.782766045464435 ], [ 33.456620279947941, 48.803811645507835 ], [ 33.511932712131106, 48.727210489908877 ], [ 33.529166666666697, 48.6125 ], [ 33.59081590440541, 48.603315904405406 ], [ 33.641666666666694, 48.55 ], [ 33.882586669921906, 48.554733954535614 ], [ 33.962386067708351, 48.53634134928388 ], [ 34.021684265136734, 48.459184095594644 ], [ 34.202210489908872, 48.470266045464435 ], [ 34.233333333333348, 48.4375 ], [ 34.0625, 48.329166666666687 ], [ 34.049645996093766, 48.260047064887175 ], [ 33.893408881293432, 48.166313340928838 ], [ 33.858333333333363, 48.091666666666704 ], [ 33.697575547960099, 48.120480007595525 ], [ 33.6375, 48.020833333333371 ], [ 33.550911797417562, 48.003552415635887 ], [ 33.47083333333336, 47.933333333333366 ], [ 33.450621541341171, 47.846743096245696 ], [ 33.516049194335963, 47.81466013590498 ], [ 33.529872300889785, 47.742473687066003 ], [ 33.619906955295164, 47.740740288628501 ], [ 33.647575547960095, 47.692019992404546 ], [ 33.691666666666698, 47.683333333333366 ], [ 33.721732923719649, 47.608994547526073 ], [ 33.8, 47.591666666666697 ], [ 33.804166666666696, 47.579166666666701 ], [ 33.775, 47.570833333333368 ], [ 33.77852884928388, 47.534239027235273 ], [ 33.609138319227455, 47.470065307617219 ], [ 33.586672634548641, 47.405223931206628 ], [ 33.380086263020857, 47.311795722113743 ], [ 33.3375, 47.275 ], [ 33.388029649522593, 47.232181633843346 ], [ 33.268914794921898, 47.150529649522596 ], [ 33.042881605360265, 47.133900621202287 ], [ 33.024417114257837, 47.08425292968753 ], [ 32.958333333333357, 47.058333333333358 ], [ 32.887968614366343, 46.96875 ], [ 32.829166666666687, 46.6875 ], [ 32.7125, 46.7 ], [ 32.691145833333351, 46.755507066514781 ], [ 32.741666666666688, 46.8 ], [ 32.746400621202277, 46.963246663411482 ], [ 32.7, 47.016666666666694 ], [ 32.808600701226148, 47.125948418511314 ], [ 32.820833333333354, 47.183333333333358 ], [ 32.775, 47.225 ], [ 32.754152933756529, 47.402084011501763 ], [ 32.658333333333353, 47.466666666666697 ], [ 32.675251600477452, 47.499226548936662 ], [ 32.641415066189253, 47.500773451063395 ], [ 32.663167995876755, 47.541835021972688 ], [ 32.592274136013472, 47.688413323296473 ], [ 32.638067287868942, 47.744618394639787 ], [ 32.633994547526065, 47.786600409613747 ], [ 32.767019992404535, 47.881591118706631 ] ] ] } },
{ "type": "Feature", "properties": { "basin_id": 2060508440, "pfaf_id": 226022, "sub_area_km2": 9773.4 }, "geometry": { "type": "Polygon", "coordinates": [ [ [ 32.016666666666694, 48.766666666666694 ], [ 32.2125, 48.816666666666691 ], [ 32.331802876790384, 48.779126315646728 ], [ 32.379166666666684, 48.708333333333357 ], [ 32.45833333333335, 48.754166666666691 ], [ 32.566666666666684, 48.7625 ], [ 32.654869588216165, 48.575929090711831 ], [ 32.875, 48.475 ], [ 32.832728237575978, 48.425540500217039 ], [ 32.840829128689258, 48.388171725802977 ], [ 32.799394904242646, 48.371373833550372 ], [ 32.812146674262173, 48.326742214626755 ], [ 32.745833333333351, 48.275 ], [ 32.770833333333357, 48.1875 ], [ 32.750567287868947, 48.12695617675783 ], [ 32.791666666666686, 48.091666666666683 ], [ 32.754519992404532, 48.060757785373298 ], [ 32.770818752712692, 47.8854166666667 ], [ 32.633994547526065, 47.786600409613747 ], [ 32.638067287868942, 47.744618394639787 ], [ 32.591666666666683, 47.708333333333364 ], [ 32.603492906358525, 47.667563035753069 ], [ 32.471568806966161, 47.490866767035619 ], [ 32.529166666666683, 47.4 ], [ 32.503395250108525, 47.334104749891523 ], [ 32.329524739583348, 47.219123501247857 ], [ 32.332766045464425, 47.160289510091175 ], [ 32.220058695475274, 46.996572536892387 ], [ 32.05, 46.941666666666691 ], [ 31.975, 46.97083333333336 ], [ 31.995833333333348, 47.025 ], [ 31.946753099229614, 47.054749552408879 ], [ 31.907766045464424, 47.150746663411489 ], [ 32.058333333333351, 47.4 ], [ 32.025, 47.495833333333366 ], [ 31.875, 47.583333333333364 ], [ 31.883900621202272, 47.68971048990889 ], [ 31.920142449273019, 47.713440280490481 ], [ 31.91193271213109, 47.765451727973122 ], [ 31.957429843478746, 47.796479119194913 ], [ 31.958900621202272, 47.881377156575553 ], [ 31.992233954535607, 47.917413330078162 ], [ 31.953505452473973, 48.057433742947069 ], [ 31.895833333333346, 48.108333333333356 ], [ 31.945833333333347, 48.1875 ], [ 31.886857265896282, 48.304488457573804 ], [ 31.9375, 48.354166666666686 ], [ 31.894945949978329, 48.457624986436656 ], [ 31.7875, 48.483333333333356 ], [ 32.008538987901488, 48.613389756944471 ], [ 32.05, 48.675 ], [ 32.016666666666694, 48.766666666666694 ] ] ] } },
{ "type": "Feature", "properties": { "basin_id": 2060493250, "pfaf_id": 225117, "sub_area_km2": 3120.0 }, "geometry": { "type": "Polygon", "coordinates": [ [ [ 34.920480007595508, 48.122549438476582 ], [ 35.006617567274326, 48.217019992404538 ], [ 35.09583333333336, 48.208333333333357 ], [ 35.092517428927977, 48.282482571072066 ], [ 35.144091118706619, 48.292019992404533 ], [ 35.15416666666669, 48.325 ], [ 35.233333333333356, 48.320833333333354 ], [ 35.259079996744816, 48.367233954535614 ], [ 35.519091118706626, 48.337146674262172 ], [ 35.532482571072073, 48.317517428927971 ], [ 35.483333333333363, 48.270833333333357 ], [ 35.492233954535614, 48.147789510091165 ], [ 35.566666666666691, 48.083333333333371 ], [ 35.500802612304717, 48.070098198784756 ], [ 35.470266045464435, 48.003420003255243 ], [ 35.516666666666694, 47.958333333333371 ], [ 35.6, 47.9791666666667 ], [ 35.71164923773874, 47.846684265136751 ], [ 35.5375, 47.841666666666697 ], [ 35.479166666666693, 47.816666666666698 ], [ 35.475, 47.775 ], [ 35.380908881293429, 47.762146674262183 ], [ 35.374411010742215, 47.730084737141958 ], [ 35.210969712999159, 47.629206848144563 ], [ 35.031122843424505, 47.563067287868954 ], [ 34.963067287868945, 47.639456176757847 ], [ 34.979166666666693, 47.7291666666667 ], [ 34.854166666666686, 47.7625 ], [ 34.991652764214436, 47.977082655164963 ], [ 34.929519992404536, 48.047575547960108 ], [ 34.920480007595508, 48.122549438476582 ] ] ] } },
{ "type": "Feature", "properties": { "basin_id": 2060495670, "pfaf_id": 225114, "sub_area_km2": 4214.7 }, "geometry": { "type": "Polygon", "coordinates": [ [ [ 34.145266045464425, 47.689456176757844 ], [ 34.175, 47.5875 ], [ 34.100644429524756, 47.586596171061231 ], [ 34.115820990668418, 47.517380608452726 ], [ 34.042386203342026, 47.500793287489181 ], [ 34.032728237575967, 47.581339348687095 ], [ 33.980908881293416, 47.583686659071212 ], [ 33.95416666666668, 47.6375 ], [ 33.824366251627637, 47.633976067437096 ], [ 33.8, 47.591666666666697 ], [ 33.721732923719649, 47.608994547526073 ], [ 33.691666666666698, 47.683333333333366 ], [ 33.647575547960095, 47.692019992404546 ], [ 33.619906955295164, 47.740740288628501 ], [ 33.529872300889785, 47.742473687066003 ], [ 33.516049194335963, 47.81466013590498 ], [ 33.449432712131106, 47.869618394639794 ], [ 33.500735134548641, 47.970030721028678 ], [ 33.6375, 48.020833333333371 ], [ 33.679166666666696, 48.1125 ], [ 33.858333333333363, 48.091666666666704 ], [ 33.893408881293432, 48.166313340928838 ], [ 34.049645996093766, 48.260047064887175 ], [ 34.0625, 48.329166666666687 ], [ 34.278253004286043, 48.445226711697075 ], [ 34.395480007595502, 48.269091118706619 ], [ 34.37119140625002, 48.03920983208554 ], [ 34.420833333333348, 48.033333333333353 ], [ 34.446470981174066, 47.959239027235277 ], [ 34.541666666666686, 47.9 ], [ 34.541652086046028, 47.872916666666697 ], [ 34.302424452039951, 47.717019992404545 ], [ 34.197877671983527, 47.720177883572084 ], [ 34.145266045464425, 47.689456176757844 ] ] ] } },
{ "type": "Feature", "properties": { "basin_id": 2060469830, "pfaf_id": 225120, "sub_area_km2": 22733.9 }, "geometry": { "type": "Polygon", "coordinates": [ [ [ 35.00890062120228, 48.898043823242212 ], [ 35.030303955078146, 49.008597819010447 ], [ 35.1375, 49.020833333333357 ], [ 35.195833333333354, 48.995833333333358 ], [ 35.19778951009117, 48.958900621202282 ], [ 35.622575547960096, 48.775353325737875 ], [ 35.7, 48.795833333333356 ], [ 35.733333333333363, 48.875 ], [ 35.898257785373296, 48.846186659071208 ], [ 36.106377156575533, 48.88390062120228 ], [ 36.164951070149755, 48.929519992404543 ], [ 36.378420003255229, 48.853599378797767 ], [ 36.522916666666688, 48.866198052300376 ], [ 36.604166666666686, 48.816666666666691 ], [ 36.6625, 48.833333333333357 ], [ 36.831591118706619, 48.799646674262178 ], [ 36.844983249240471, 48.770266045464432 ], [ 36.935543823242213, 48.770266045464432 ], [ 37.01028951009117, 48.721400621202278 ], [ 37.183333333333358, 48.679166666666688 ], [ 37.24109937879777, 48.598043823242207 ], [ 37.15035502115888, 48.523286946614604 ], [ 37.253813340928843, 48.452424452039956 ], [ 37.186882527669297, 48.353167046440994 ], [ 37.2, 48.291666666666686 ], [ 37.2875, 48.258333333333354 ], [ 37.380075751410615, 48.16729024251304 ], [ 37.496732923719648, 48.257672119140643 ], [ 37.593877156575552, 48.257766045464429 ], [ 37.7, 48.21666666666669 ], [ 37.791668023003503, 48.085400729709235 ], [ 37.688176472981802, 47.978355407714879 ], [ 37.661649237738743, 47.838350931803419 ], [ 37.492233954535614, 47.731377156575554 ], [ 37.479166666666693, 47.6125 ], [ 37.512146674262183, 47.576742214626769 ], [ 37.429799397786482, 47.544854227701855 ], [ 37.407672119140649, 47.471732923719649 ], [ 37.13528951009117, 47.470266045464442 ], [ 37.108333333333356, 47.383333333333361 ], [ 37.02825113932294, 47.350598483615478 ], [ 36.868408881293426, 47.362146674262185 ], [ 36.777210489908875, 47.32556728786895 ], [ 36.684079996744813, 47.338067287868952 ], [ 36.675, 47.304166666666696 ], [ 36.601956176757831, 47.321400621202287 ], [ 36.478770785861563, 47.465698920355933 ], [ 36.3625, 47.495833333333366 ], [ 36.174205864800363, 47.649205864800379 ], [ 35.934140353732673, 47.679872300889791 ], [ 35.841666666666697, 47.775 ], [ 35.733333333333363, 47.8125 ], [ 35.736649237738746, 47.844982401529982 ], [ 35.671801079644126, 47.875395880805158 ], [ 35.6, 47.9791666666667 ], [ 35.500396050347248, 47.971801079644131 ], [ 35.470266045464435, 48.003420003255243 ], [ 35.484165106879367, 48.049464925130245 ], [ 35.566666666666691, 48.083333333333371 ], [ 35.492233954535614, 48.147789510091165 ], [ 35.483333333333363, 48.270833333333357 ], [ 35.53333333333336, 48.329166666666687 ], [ 35.1, 48.429166666666688 ], [ 35.090815904405403, 48.507482571072075 ], [ 34.952031792534747, 48.567309570312524 ], [ 34.943801540798631, 48.611857096354193 ], [ 34.858333333333356, 48.616666666666688 ], [ 34.75, 48.683333333333358 ], [ 34.790920003255231, 48.733900621202281 ], [ 34.873257785373283, 48.712853325737875 ], [ 34.934970431857664, 48.850163777669295 ], [ 35.00890062120228, 48.898043823242212 ] ] ] } },
{ "type": "Feature", "properties": { "basin_id": 2060472640, "pfaf_id": 225118, "sub_area_km2": 2802.4 }, "geometry": { "type": "Polygon", "coordinates": [ [ [ 34.929166666666688, 48.054166666666688 ], [ 34.602424452039948, 47.904519992404545 ], [ 34.539242214626753, 47.900353325737882 ], [ 34.446470981174066, 47.959239027235277 ], [ 34.420833333333348, 48.033333333333353 ], [ 34.37119140625002, 48.03920983208554 ], [ 34.395480007595502, 48.269091118706619 ], [ 34.278253004286043, 48.445226711697075 ], [ 34.208900621202275, 48.456122843424502 ], [ 34.292579989963123, 48.549392361111131 ], [ 34.4125, 48.554166666666688 ], [ 34.485289510091164, 48.496400621202277 ], [ 34.6875, 48.483333333333356 ], [ 34.770833333333357, 48.433333333333358 ], [ 34.989924452039951, 48.437146674262173 ], [ 35.15416666666669, 48.325 ], [ 35.083900621202282, 48.268877156575542 ], [ 35.09583333333336, 48.208333333333357 ], [ 34.979166666666693, 48.204166666666687 ], [ 34.920480007595508, 48.122549438476582 ], [ 34.929166666666688, 48.054166666666688 ] ] ] } },
{ "type": "Feature", "properties": { "basin_id": 2060472570, "pfaf_id": 225119, "sub_area_km2": 149.8 }, "geometry": { "type": "Polygon", "coordinates": [ [ [ 35.233333333333356, 48.320833333333354 ], [ 35.071684095594641, 48.371684095594638 ], [ 35.020833333333357, 48.425 ], [ 35.169118245442732, 48.432978651258701 ], [ 35.3, 48.375 ], [ 35.245266045464433, 48.361285061306447 ], [ 35.233333333333356, 48.320833333333354 ] ] ] } },
{ "type": "Feature", "properties": { "basin_id": 2060459250, "pfaf_id": 225150, "sub_area_km2": 2431.1 }, "geometry": { "type": "Polygon", "coordinates": [ [ [ 33.432406955295164, 48.957406955295163 ], [ 33.460339694552978, 49.024382527669296 ], [ 33.544834052191867, 49.003684488932322 ], [ 33.599530707465306, 49.042284138997424 ], [ 33.68628506130645, 48.999432712131103 ], [ 33.726425170898466, 49.100224812825552 ], [ 33.823257785373293, 49.125353325737876 ], [ 33.833333333333364, 49.15833333333336 ], [ 33.906591118706615, 49.162146674262182 ], [ 34.025, 49.108333333333363 ], [ 34.027741495768247, 49.045608520507841 ], [ 33.983110046386734, 49.040903049045163 ], [ 33.979577806260863, 49.003486124674509 ], [ 33.858333333333348, 49.041666666666693 ], [ 34.007427639431441, 48.911862182617213 ], [ 34.033333333333346, 48.854166666666693 ], [ 33.986882358127183, 48.686132134331622 ], [ 34.007482401529963, 48.66335076226131 ], [ 33.9166666666667, 48.59166666666669 ], [ 33.929166666666681, 48.541666666666693 ], [ 33.641666666666694, 48.55 ], [ 33.59081590440541, 48.603315904405406 ], [ 33.529166666666697, 48.6125 ], [ 33.511932712131106, 48.727210489908877 ], [ 33.456620279947941, 48.803811645507835 ], [ 33.345086669921898, 48.782766045464435 ], [ 33.299253336588563, 48.817233954535617 ], [ 33.257586669921899, 48.782766045464435 ], [ 33.15833333333336, 48.858333333333363 ], [ 33.228505452473982, 48.875899590386311 ], [ 33.246400621202284, 48.917516750759575 ], [ 33.221712917751759, 48.965927802191864 ], [ 33.432406955295164, 48.957406955295163 ] ] ] } },
{ "type": "Feature", "properties": { "basin_id": 2060469820, "pfaf_id": 225130, "sub_area_km2": 12970.0 }, "geometry": { "type": "Polygon", "coordinates": [ [ [ 35.1, 48.429166666666688 ], [ 34.911753336588561, 48.45056728786895 ], [ 34.74791666666669, 48.437968614366341 ], [ 34.6875, 48.483333333333356 ], [ 34.485289510091164, 48.496400621202277 ], [ 34.4125, 48.554166666666688 ], [ 34.347048272026925, 48.563067287868947 ], [ 34.271732923719632, 48.536838785807312 ], [ 34.20833333333335, 48.46666666666669 ], [ 34.049253336588556, 48.453599378797769 ], [ 33.925850931803403, 48.53835076226131 ], [ 33.9166666666667, 48.59166666666669 ], [ 34.007482401529963, 48.66335076226131 ], [ 33.991204664442286, 48.717643568250892 ], [ 34.033333333333346, 48.84583333333336 ], [ 34.136661105685782, 48.850745307074675 ], [ 34.150774637858092, 48.911760796441001 ], [ 34.257319132486998, 48.94246453179256 ], [ 34.20416666666668, 49.020833333333357 ], [ 34.233333333333348, 49.108333333333363 ], [ 34.293788994683176, 49.108988783094645 ], [ 34.334548272026929, 49.192233954535617 ], [ 34.383333333333354, 49.179166666666696 ], [ 34.472839864095072, 49.257715691460533 ], [ 34.608333333333356, 49.304166666666696 ], [ 34.707482401529965, 49.259184265136746 ], [ 34.882586669921899, 49.429733954535621 ], [ 34.982345241970506, 49.395266045464439 ], [ 35.116666666666688, 49.4125 ], [ 35.15416666666669, 49.545833333333363 ], [ 35.213145616319466, 49.628263176812098 ], [ 35.322915988498288, 49.67081943088111 ], [ 35.45, 49.675 ], [ 35.492582194010446, 49.791068183051252 ], [ 35.695833333333361, 49.720833333333367 ], [ 35.733333333333363, 49.6 ], [ 35.853420003255238, 49.55776604546444 ], [ 35.957627699110276, 49.571640353732668 ], [ 35.986753336588571, 49.621400621202291 ], [ 36.14166666666668, 49.6375 ], [ 36.178599378797756, 49.560289510091181 ], [ 36.129790242513039, 49.455075920952723 ], [ 36.19492001003691, 49.436892530653239 ], [ 36.207911173502623, 49.37638159857859 ], [ 36.317019992404532, 49.285046217176678 ], [ 36.325, 49.229166666666693 ], [ 36.286882358127187, 49.178697543674076 ], [ 36.33333333333335, 49.0375 ], [ 36.290755038791247, 48.96728074815541 ], [ 36.106377156575533, 48.88390062120228 ], [ 35.898257785373296, 48.846186659071208 ], [ 35.733333333333363, 48.875 ], [ 35.7, 48.795833333333356 ], [ 35.629166666666691, 48.775 ], [ 35.19778951009117, 48.958900621202282 ], [ 35.195833333333354, 48.995833333333358 ], [ 35.139924452039956, 49.020480007595516 ], [ 35.030303955078146, 49.008597819010447 ], [ 35.020266045464432, 48.910289510091175 ], [ 34.934970431857664, 48.850163777669295 ], [ 34.878810967339433, 48.718378702799505 ], [ 34.790920003255231, 48.733900621202281 ], [ 34.741251627604186, 48.70319654676652 ], [ 34.858333333333356, 48.616666666666688 ], [ 34.943801540798631, 48.611857096354193 ], [ 34.952031792534747, 48.567309570312524 ], [ 35.104166666666693, 48.495833333333358 ], [ 35.1, 48.429166666666688 ] ] ] } },
{ "type": "Feature", "properties": { "basin_id": 2060481560, "pfaf_id": 226026, "sub_area_km2": 2457.1 }, "geometry": { "type": "Polygon", "coordinates": [ [ [ 30.3, 48.0875 ], [ 30.406122843424498, 47.988067287868958 ], [ 30.614710489908873, 48.028599378797779 ], [ 30.664456176757831, 48.000567287868961 ], [ 30.8, 48.008333333333354 ], [ 30.857482571072069, 47.94251759847009 ], [ 30.827083333333356, 47.900468783908451 ], [ 30.680908881293423, 47.907980007595519 ], [ 30.523904079861129, 47.850584581163226 ], [ 30.399253336588558, 47.863067287868958 ], [ 30.340451727973107, 47.828599378797776 ], [ 30.109470452202707, 47.871097988552549 ], [ 30.085049947102881, 47.816313340928851 ], [ 30.014953782823365, 47.803813340928855 ], [ 29.668877156575547, 47.886932712131113 ], [ 29.534089491102456, 47.878410508897602 ], [ 29.5125, 47.85 ], [ 29.477096557617216, 47.878708394368523 ], [ 29.349062771267388, 47.882766045464443 ], [ 29.125, 48.095833333333367 ], [ 29.194091118706623, 48.107980007595522 ], [ 29.332586669921902, 48.049432712131114 ], [ 29.414953613281277, 48.062853325737883 ], [ 29.58087972005211, 48.028813340928856 ], [ 29.647048272026936, 48.058900621202291 ], [ 29.7625, 48.033333333333367 ], [ 29.793673197428397, 48.07021569146054 ], [ 29.960428025987429, 48.095373535156284 ], [ 30.3, 48.0875 ] ] ] } },
{ "type": "Feature", "properties": { "basin_id": 2060480720, "pfaf_id": 226025, "sub_area_km2": 27.9 }, "geometry": { "type": "Polygon", "coordinates": [ [ [ 30.843622843424502, 47.979733954535611 ], [ 30.800661214192729, 48.000899590386304 ], [ 30.775, 48.058333333333351 ], [ 30.846097819010438, 48.048862711588562 ], [ 30.843622843424502, 47.979733954535611 ] ] ] } },
{ "type": "Feature", "properties": { "basin_id": 2060501780, "pfaf_id": 226063, "sub_area_km2": 20267.1 }, "geometry": { "type": "Polygon", "coordinates": [ [ [ 26.25086975097658, 48.913369750976585 ], [ 26.254811096191425, 49.015659586588569 ], [ 26.320027838812951, 49.013215806749159 ], [ 26.338117641872849, 49.06176317003041 ], [ 26.24138217502172, 49.165741475423204 ], [ 26.307582600911477, 49.184122890896298 ], [ 26.317441304524756, 49.320094129774333 ], [ 26.366062249077707, 49.372919209798205 ], [ 26.326209343804273, 49.387649875217043 ], [ 26.33333333333335, 49.4166666666667 ], [ 26.73137715657554, 49.399432712131109 ], [ 26.91994594997832, 49.299291483561227 ], [ 26.943408881293426, 49.250353325737876 ], [ 27.111753336588567, 49.199432712131106 ], [ 27.216489325629365, 49.202916971842477 ], [ 27.217603895399328, 49.166036478678414 ], [ 27.279797024197073, 49.150555080837705 ], [ 27.250919596354191, 49.100582885742213 ], [ 27.329166666666694, 49.054166666666696 ], [ 27.691666666666695, 49.020833333333357 ], [ 27.775, 49.045833333333363 ], [ 28.112207370334218, 49.036734686957494 ], [ 28.2875, 48.8875 ], [ 28.399886067708351, 48.865508015950546 ], [ 28.461513773600281, 48.815949503580754 ], [ 28.517233954535609, 48.74461839463978 ], [ 28.495833333333351, 48.71666666666669 ], [ 28.679166666666688, 48.65 ], [ 28.742284308539517, 48.587969292534744 ], [ 28.738399590386305, 48.538161214192733 ], [ 28.841313340928842, 48.448257785373286 ], [ 28.830072360568597, 48.392304484049504 ], [ 28.958686659071205, 48.297550455729187 ], [ 28.95, 48.229166666666686 ], [ 29.025, 48.204166666666687 ], [ 29.325, 47.895833333333364 ], [ 29.503770616319471, 47.857365587022606 ], [ 29.579519992404542, 47.647546217176682 ], [ 29.533976236979193, 47.522968377007409 ], [ 29.5625, 47.433333333333366 ], [ 29.456301540798638, 47.375642734103764 ], [ 29.338, 47.373 ], [ 29.317, 47.449 ], [ 29.244, 47.415 ], [ 29.241, 47.462 ], [ 29.193, 47.427 ], [ 29.189, 47.466 ], [ 29.161, 47.455 ], [ 29.187, 47.515 ], [ 29.15, 47.507 ], [ 29.119, 47.555 ], [ 29.183, 47.571 ], [ 29.233, 47.642 ], [ 29.21, 47.643 ], [ 29.231, 47.682 ], [ 29.205, 47.719 ], [ 29.278, 47.803 ], [ 29.197, 47.821 ], [ 29.283, 47.89 ], [ 29.202, 47.885 ], [ 29.174, 47.993 ], [ 29.088, 47.978 ], [ 29.063, 47.942 ], [ 28.962, 47.978 ], [ 28.925, 47.96 ], [ 28.88, 48.002 ], [ 28.902, 48.011 ], [ 28.837, 48.034 ], [ 28.858, 48.104 ], [ 28.838, 48.128 ], [ 28.688, 48.125 ], [ 28.579, 48.183 ], [ 28.506, 48.151 ], [ 28.503, 48.065 ], [ 28.465, 48.073 ], [ 28.422, 48.122 ], [ 28.433, 48.174 ], [ 28.304, 48.142 ], [ 28.359, 48.188 ], [ 28.347, 48.248 ], [ 28.211, 48.205 ], [ 28.186, 48.253 ], [ 28.087, 48.235 ], [ 28.083, 48.312 ], [ 27.968, 48.324 ], [ 27.751, 48.458 ], [ 27.678, 48.438 ], [ 27.589, 48.462 ], [ 27.605, 48.489 ], [ 27.467, 48.45 ], [ 27.448661998104338, 48.412407096113895 ], [ 27.384, 48.411 ], [ 27.290416802300371, 48.520818074544295 ], [ 27.141126166449677, 48.461895073784746 ], [ 26.890529378255231, 48.50443115234377 ], [ 26.908333333333356, 48.4125 ], [ 26.820833333333354, 48.4375 ], [ 26.762109489685152, 48.40663777415854 ], [ 26.704166666666687, 48.433333333333358 ], [ 26.6375, 48.375 ], [ 26.4625, 48.45 ], [ 26.449112616644985, 48.495124986436657 ], [ 26.407766045464427, 48.509270562065993 ], [ 26.432433742947069, 48.570172119140651 ], [ 26.367233954535607, 48.597789510091168 ], [ 26.371400621202277, 48.732118394639784 ], [ 26.266556464301232, 48.877872382269992 ], [ 26.300579833984393, 48.890414428710962 ], [ 26.25086975097658, 48.913369750976585 ] ] ] } },
{ "type": "Feature", "properties": { "basin_id": 2060481420, "pfaf_id": 226027, "sub_area_km2": 7826.3 }, "geometry": { "type": "Polygon", "coordinates": [ [ [ 29.356122843424505, 48.046400621202295 ], [ 29.15731574164499, 48.113029479980504 ], [ 29.120833333333358, 48.095833333333367 ], [ 29.025, 48.204166666666687 ], [ 28.95, 48.229166666666686 ], [ 28.958686659071205, 48.297550455729187 ], [ 28.830072360568597, 48.392304484049504 ], [ 28.841313340928842, 48.448257785373286 ], [ 28.7625, 48.52916666666669 ], [ 29.006241183810786, 48.582871500651066 ], [ 29.085757785373289, 48.571186659071202 ], [ 29.16399570041235, 48.624986775716167 ], [ 29.265751139322941, 48.642265150282142 ], [ 29.280017428927977, 48.686649237738742 ], [ 29.45, 48.72083333333336 ], [ 29.673043823242217, 48.663067287868948 ], [ 29.9, 48.833333333333357 ], [ 30.028230285644547, 48.807631429036483 ], [ 30.059220716688383, 48.725708346896724 ], [ 30.128599378797759, 48.685543823242213 ], [ 30.07473534478083, 48.657196044921896 ], [ 30.140729437934045, 48.511932712131099 ], [ 30.247546217176666, 48.495480007595511 ], [ 30.314924452039946, 48.524646674262172 ], [ 30.329166666666683, 48.425 ], [ 30.397048272026929, 48.353599378797767 ], [ 30.533333333333353, 48.316666666666691 ], [ 30.606620449490038, 48.346186659071201 ], [ 30.7, 48.320833333333354 ], [ 30.629948086208788, 48.261704169379364 ], [ 30.645215691460525, 48.187969292534746 ], [ 30.7375, 48.120833333333351 ], [ 30.808319430881099, 48.014584011501753 ], [ 30.670833333333356, 48.0 ], [ 30.583333333333353, 48.029166666666683 ], [ 30.406122843424498, 47.988067287868958 ], [ 30.303398471408439, 48.086528354220953 ], [ 30.164953782823368, 48.100353325737885 ], [ 29.8125, 48.075 ], [ 29.7625, 48.033333333333367 ], [ 29.647048272026936, 48.058900621202291 ], [ 29.58087972005211, 48.028813340928856 ], [ 29.414953613281277, 48.062853325737883 ], [ 29.356122843424505, 48.046400621202295 ] ] ] } },
{ "type": "Feature", "properties": { "basin_id": 2060480610, "pfaf_id": 226024, "sub_area_km2": 16639.4 }, "geometry": { "type": "Polygon", "coordinates": [ [ [ 30.689456176757833, 48.32140062120228 ], [ 30.606620449490038, 48.346186659071201 ], [ 30.533333333333353, 48.316666666666691 ], [ 30.397048272026929, 48.353599378797767 ], [ 30.329166666666683, 48.425 ], [ 30.314924452039946, 48.524646674262172 ], [ 30.247546217176666, 48.495480007595511 ], [ 30.12695617675783, 48.521400621202282 ], [ 30.07473534478083, 48.657196044921896 ], [ 30.128599378797759, 48.685543823242213 ], [ 30.059220716688383, 48.725708346896724 ], [ 30.057482401529963, 48.77831590440541 ], [ 29.870833333333362, 48.85 ], [ 29.764956834581177, 48.991308593750027 ], [ 29.620016818576417, 49.070118543836834 ], [ 29.583333333333361, 49.0625 ], [ 29.546521335177978, 49.092476060655407 ], [ 29.550607638888916, 49.132419840494819 ], [ 29.686285061306453, 49.18276604546444 ], [ 29.729166666666696, 49.291666666666693 ], [ 29.935785590277792, 49.216313340928849 ], [ 30.019618394639771, 49.228599378797774 ], [ 30.050614251030829, 49.307421705457926 ], [ 30.099032253689252, 49.312895880805151 ], [ 30.0625, 49.383333333333361 ], [ 30.140953742133263, 49.404926215277811 ], [ 30.179827880859392, 49.549100409613743 ], [ 30.239242214626753, 49.574646674262183 ], [ 30.303178575303836, 49.516099378797776 ], [ 30.4375, 49.529166666666697 ], [ 30.455318366156703, 49.483875698513486 ], [ 30.632864210340731, 49.500617641872864 ], [ 30.749530877007398, 49.445215691460533 ], [ 30.791666666666689, 49.4875 ], [ 30.792284308539518, 49.419465467664963 ], [ 30.749382358127193, 49.400469122992654 ], [ 30.785075547960091, 49.317019992404546 ], [ 31.020833333333357, 49.291666666666693 ], [ 31.0125, 49.229166666666693 ], [ 31.179858737521727, 49.109326850043431 ], [ 31.25, 49.075 ], [ 31.369861518012179, 49.086731635199683 ], [ 31.433333333333358, 48.954166666666694 ], [ 31.522789510091172, 48.995266045464433 ], [ 31.62425333658857, 48.988067287868951 ], [ 31.669896104600724, 48.941099378797773 ], [ 31.749137708875896, 48.936859469943606 ], [ 31.758333333333361, 48.858333333333363 ], [ 31.923043823242217, 48.820266045464436 ], [ 32.05048200819229, 48.728167385525197 ], [ 32.008538987901488, 48.613389756944471 ], [ 31.7875, 48.483333333333356 ], [ 31.894945949978329, 48.457624986436656 ], [ 31.9375, 48.354166666666686 ], [ 31.886857265896282, 48.304488457573804 ], [ 31.945833333333347, 48.1875 ], [ 31.895833333333346, 48.108333333333356 ], [ 31.824161783854198, 48.125617641872864 ], [ 31.769120279947945, 48.091313340928856 ], [ 31.575, 48.1375 ], [ 31.5125, 48.116666666666688 ], [ 31.397575547960095, 48.191313340928843 ], [ 31.144091118706623, 48.117019992404536 ], [ 30.905381605360265, 48.12973395453561 ], [ 30.895227389865475, 48.076001315646721 ], [ 30.830908881293425, 48.046186659071196 ], [ 30.775, 48.058333333333351 ], [ 30.650617641872849, 48.17700636121964 ], [ 30.629948086208788, 48.261704169379364 ], [ 30.689456176757833, 48.32140062120228 ] ] ] } },
{ "type": "Feature", "properties": { "basin_id": 2060462840, "pfaf_id": 226028, "sub_area_km2": 2821.5 }, "geometry": { "type": "Polygon", "coordinates": [ [ [ 29.381591118706623, 49.175353325737873 ], [ 29.764956834581177, 48.991308593750027 ], [ 29.899112616644981, 48.836791653103326 ], [ 29.878315904405412, 48.800850762261312 ], [ 29.673043823242217, 48.663067287868948 ], [ 29.45, 48.72083333333336 ], [ 29.284184095594643, 48.680017428927975 ], [ 29.233801947699678, 48.75625 ], [ 29.254733954535617, 48.802951727973117 ], [ 29.221613566080755, 48.895147705078152 ], [ 29.297968207465303, 48.908976236979193 ], [ 29.310790337456623, 48.93714192708336 ], [ 29.123043823242213, 49.011932712131106 ], [ 28.875899590386307, 49.042327880859403 ], [ 28.833333333333353, 49.129166666666691 ], [ 28.870086669921896, 49.171400621202288 ], [ 28.925, 49.175 ], [ 28.904941474066863, 49.282594129774338 ], [ 28.940404934353321, 49.291643100314701 ], [ 28.950704277886306, 49.357413906521295 ], [ 29.064583333333356, 49.386961195204023 ], [ 29.198504299587697, 49.324986775716177 ], [ 29.242580159505234, 49.208940802680146 ], [ 29.381591118706623, 49.175353325737873 ] ] ] } },
{ "type": "Feature", "properties": { "basin_id": 2060448220, "pfaf_id": 225190, "sub_area_km2": 28399.9 }, "geometry": { "type": "Polygon", "coordinates": [ [ [ 32.223257785373278, 49.946186659071216 ], [ 32.253174675835524, 49.95354919433597 ], [ 32.283333333333353, 49.891666666666701 ], [ 32.424220784505223, 49.820125495062968 ], [ 32.413215637207053, 49.784138827853766 ], [ 32.461938476562516, 49.735416666666701 ], [ 32.421450975206184, 49.727160135904981 ], [ 32.420833333333348, 49.675 ], [ 32.443749152289513, 49.695283169216609 ], [ 32.529166666666683, 49.629166666666698 ], [ 32.488350931803403, 49.55918426513675 ], [ 32.536696031358524, 49.565940348307322 ], [ 32.625, 49.516666666666694 ], [ 32.574969143337697, 49.463912794325118 ], [ 32.658333333333353, 49.370833333333366 ], [ 32.646784803602451, 49.346480984158013 ], [ 32.782665337456621, 49.324187554253498 ], [ 32.858333333333356, 49.229166666666693 ], [ 32.67406277126738, 49.258900621202287 ], [ 32.582483249240468, 49.246400621202284 ], [ 32.533333333333353, 49.191666666666691 ], [ 32.307196214463993, 49.233068678114179 ], [ 31.995833333333348, 49.320833333333361 ], [ 31.979166666666682, 49.370833333333366 ], [ 31.839242214626765, 49.437146674262181 ], [ 31.803315904405412, 49.392517598470079 ], [ 31.725704277886315, 49.369913906521298 ], [ 31.779434204101591, 49.305115254720079 ], [ 31.748257785373294, 49.275353325737875 ], [ 31.6, 49.329166666666694 ], [ 31.500850762261312, 49.26998240152998 ], [ 31.478505452473986, 49.146732923719647 ], [ 31.375, 49.1375 ], [ 31.25, 49.075 ], [ 31.0125, 49.229166666666693 ], [ 31.020833333333357, 49.291666666666693 ], [ 30.785075547960091, 49.317019992404546 ], [ 30.749382358127193, 49.400469122992654 ], [ 30.792284308539518, 49.419465467664963 ], [ 30.791666666666689, 49.4875 ], [ 30.749530877007398, 49.445215691460533 ], [ 30.632864210340731, 49.500617641872864 ], [ 30.455318366156703, 49.483875698513486 ], [ 30.4375, 49.529166666666697 ], [ 30.303178575303836, 49.516099378797776 ], [ 30.239242214626753, 49.574646674262183 ], [ 30.179827880859392, 49.549100409613743 ], [ 30.140953742133263, 49.404926215277811 ], [ 30.0625, 49.383333333333361 ], [ 30.099032253689252, 49.312895880805151 ], [ 30.050614251030829, 49.307421705457926 ], [ 30.019618394639771, 49.228599378797774 ], [ 29.935785590277792, 49.216313340928849 ], [ 29.729166666666696, 49.291666666666693 ], [ 29.686285061306453, 49.18276604546444 ], [ 29.525814141167562, 49.104823472764785 ], [ 29.393877156575549, 49.17859937879777 ], [ 29.242580159505234, 49.208940802680146 ], [ 29.198504299587697, 49.324986775716177 ], [ 29.00007527669273, 49.409667799207931 ], [ 29.0375, 49.470833333333367 ], [ 28.967443508572071, 49.550754123263921 ], [ 28.970833333333356, 49.5875 ], [ 28.804166666666688, 49.645833333333364 ], [ 28.816666666666688, 49.695833333333368 ], [ 28.95, 49.7625 ], [ 29.068622843424503, 49.895266045464446 ], [ 29.1375, 49.891666666666701 ], [ 29.1625, 49.95 ], [ 29.591988457573812, 49.9368572658963 ], [ 29.635365125868084, 49.970190599229639 ], [ 29.940916612413226, 50.025741068522173 ], [ 29.955082194010448, 50.075642734103766 ], [ 30.029166666666683, 50.05 ], [ 30.1125, 50.075 ], [ 30.09382680257163, 50.107715861002625 ], [ 29.9936731974284, 50.104784138997417 ], [ 29.975967746310779, 50.14543728298613 ], [ 30.033155992296024, 50.151249864366342 ], [ 30.059470452202707, 50.19609781901044 ], [ 30.3125, 50.225 ], [ 30.3450400458442, 50.286780463324675 ], [ 30.2715532090929, 50.340890163845508 ], [ 30.33894805908205, 50.388142903645857 ], [ 30.483333333333352, 50.366666666666688 ], [ 30.391666666666683, 50.454166666666687 ], [ 30.409099494086391, 50.49094611273874 ], [ 30.529166666666686, 50.545833333333356 ], [ 30.652424452039952, 50.525353325737868 ], [ 30.783333333333353, 50.566666666666691 ], [ 30.79757554796009, 50.632980007595506 ], [ 30.866666666666688, 50.645833333333357 ], [ 30.884301079644118, 50.766270616319467 ], [ 30.958900621202279, 50.797048272026935 ], [ 30.929896375868079, 50.836601765950547 ], [ 31.0, 50.875 ], [ 31.132598198784745, 50.857530721028674 ], [ 31.108258734809052, 50.81371256510419 ], [ 31.187103949652801, 50.807365587022595 ], [ 31.197575547960092, 50.737853325737873 ], [ 31.28333333333336, 50.7125 ], [ 31.424266899956624, 50.700981648763047 ], [ 31.38271586100263, 50.765667046440996 ], [ 31.422916666666694, 50.787485419379365 ], [ 31.504166666666695, 50.745833333333358 ], [ 31.531248982747424, 50.77498643663197 ], [ 31.685787963867217, 50.74964430067277 ], [ 31.675598483615481, 50.667582194010443 ], [ 31.7125, 50.6625 ], [ 31.75, 50.5625 ], [ 31.824223497178849, 50.507613457573811 ], [ 31.821684265136732, 50.438350762261308 ], [ 31.961932712131091, 50.364710489908873 ], [ 31.945215691460518, 50.341197374131966 ], [ 31.975617641872844, 50.305534532335088 ], [ 31.88404473198786, 50.324236382378494 ], [ 31.891888258192289, 50.2717973497179 ], [ 31.850354851616768, 50.218379720052106 ], [ 31.991083780924495, 50.132413736979188 ], [ 32.0375, 50.0375 ], [ 32.107440863715297, 50.061763339572515 ], [ 32.140655008951839, 50.020266045464446 ], [ 32.22119920518665, 50.007170104980503 ], [ 32.223257785373278, 49.946186659071216 ] ] ] } },
{ "type": "Feature", "properties": { "basin_id": 2060416550, "pfaf_id": 225300, "sub_area_km2": 19909.1 }, "geometry": { "type": "Polygon", "coordinates": [ [ [ 28.319913567437084, 50.378583780924501 ], [ 28.28751729329429, 50.402615695529533 ], [ 28.332766045464428, 50.422789510091171 ], [ 28.30056728786894, 50.527951727973111 ], [ 28.269806416829443, 50.574404907226587 ], [ 28.230082363552533, 50.575598483615472 ], [ 28.20833333333335, 50.6375 ], [ 28.3, 50.675 ], [ 28.30625, 50.745227050781274 ], [ 28.484079996744811, 50.786932712131104 ], [ 28.5375, 50.84583333333336 ], [ 28.670833333333356, 50.820833333333361 ], [ 28.674344550238736, 50.878325398763046 ], [ 29.0875, 50.866666666666696 ], [ 29.196907212999157, 50.936810641818603 ], [ 29.25, 50.920833333333363 ], [ 29.284548272026935, 50.954733954535619 ], [ 29.373043823242213, 50.954733954535619 ], [ 29.485416666666694, 51.045818752712698 ], [ 29.691666666666695, 50.9875 ], [ 29.728316582573814, 51.054733954535621 ], [ 29.833333333333346, 51.029166666666697 ], [ 29.876742214626749, 51.087146674262179 ], [ 30.253251139322934, 51.120190429687526 ], [ 30.292741054958785, 51.157646009657149 ], [ 30.384470452202709, 51.124735514322943 ], [ 30.469120449490035, 51.183686659071206 ], [ 30.628393215603317, 51.166918267144126 ], [ 30.68276604546443, 51.102210489908884 ], [ 30.666023932562954, 51.045199584960962 ], [ 30.7, 50.975 ], [ 30.630082194010438, 50.979809570312526 ], [ 30.604987250434046, 50.91637742784291 ], [ 30.654834662543422, 50.812668524848114 ], [ 30.636710951063389, 50.753718397352458 ], [ 30.596001688639344, 50.779834662543429 ], [ 30.565998670789948, 50.763120185004368 ], [ 30.549149068196634, 50.563350762261308 ], [ 30.392233954535609, 50.456377156575542 ], [ 30.483333333333352, 50.366666666666688 ], [ 30.33894805908205, 50.388142903645857 ], [ 30.2715532090929, 50.340890163845508 ], [ 30.3450400458442, 50.286780463324675 ], [ 30.3125, 50.225 ], [ 30.059470452202707, 50.19609781901044 ], [ 29.970833333333349, 50.116666666666688 ], [ 30.037030877007393, 50.091049194335959 ], [ 30.09382680257163, 50.107715861002625 ], [ 30.1125, 50.075 ], [ 30.029166666666683, 50.05 ], [ 29.955082194010448, 50.075642734103766 ], [ 29.940916612413226, 50.025741068522173 ], [ 29.635365125868084, 49.970190599229639 ], [ 29.591988457573812, 49.9368572658963 ], [ 29.1625, 49.95 ], [ 29.1375, 49.891666666666701 ], [ 29.068622843424503, 49.895266045464446 ], [ 29.01338738335506, 49.857624816894564 ], [ 28.95, 49.7625 ], [ 28.897575547960091, 49.757980007595521 ], [ 28.816666666666688, 49.695833333333368 ], [ 28.803267076280402, 49.642327880859405 ], [ 28.741666666666688, 49.6125 ], [ 28.425850931803403, 49.700850931803416 ], [ 28.4, 49.779166666666697 ], [ 28.325, 49.804166666666703 ], [ 28.100746663411474, 49.770266045464446 ], [ 27.895266045464425, 49.784548272026946 ], [ 27.916666666666696, 49.875 ], [ 28.0, 49.883333333333368 ], [ 28.008900621202272, 49.913459608289962 ], [ 27.9625, 49.975 ], [ 27.8625, 50.0 ], [ 27.883333333333347, 50.070833333333354 ], [ 27.842634412977443, 50.096229383680573 ], [ 27.841666666666697, 50.1625 ], [ 28.057672119140641, 50.255066257052974 ], [ 28.104166666666682, 50.329166666666687 ], [ 28.248043823242206, 50.296400621202281 ], [ 28.266666666666683, 50.35 ], [ 28.319913567437084, 50.378583780924501 ] ] ] } },
{ "type": "Feature", "properties": { "basin_id": 2060397700, "pfaf_id": 225420, "sub_area_km2": 8128.9 }, "geometry": { "type": "Polygon", "coordinates": [ [ [ 28.113350931803403, 51.249149068196644 ], [ 28.160787116156701, 51.346186659071208 ], [ 28.7125, 51.35 ], [ 28.849084472656273, 51.375598483615484 ], [ 28.838387383355055, 51.407624816894561 ], [ 28.927453613281273, 51.437853325737876 ], [ 29.231591118706621, 51.441313340928851 ], [ 29.308416906378827, 51.425325212775398 ], [ 29.321, 51.377 ], [ 29.411, 51.41 ], [ 29.49, 51.396 ], [ 29.512, 51.448 ], [ 29.560432603624157, 51.462501356336837 ], [ 29.687523396809922, 51.419571770562094 ], [ 29.760339694552982, 51.350617641872859 ], [ 30.0125, 51.341666666666697 ], [ 30.049253336588556, 51.291099378797774 ], [ 30.178400505913643, 51.30761277940541 ], [ 30.267233954535609, 51.242413330078151 ], [ 30.22859937879776, 51.221579996744822 ], [ 30.262865871853315, 51.186336771647163 ], [ 30.253251139322934, 51.120190429687526 ], [ 29.893408881293418, 51.091313340928849 ], [ 29.833333333333346, 51.029166666666697 ], [ 29.728316582573814, 51.054733954535621 ], [ 29.691666666666695, 50.9875 ], [ 29.485416666666694, 51.045818752712698 ], [ 29.373043823242213, 50.954733954535619 ], [ 29.284548272026935, 50.954733954535619 ], [ 29.25, 50.920833333333363 ], [ 29.196907212999157, 50.936810641818603 ], [ 29.0875, 50.866666666666696 ], [ 28.674344550238736, 50.878325398763046 ], [ 28.670833333333356, 50.820833333333361 ], [ 28.5375, 50.84583333333336 ], [ 28.484079996744811, 50.786932712131104 ], [ 28.30625, 50.745227050781274 ], [ 28.3, 50.675 ], [ 28.189622328016508, 50.617322116427978 ], [ 28.125866699218765, 50.625655449761311 ], [ 28.070587497287342, 50.586844550238737 ], [ 27.986753336588556, 50.642233954535612 ], [ 27.859105936686213, 50.621719699435786 ], [ 27.812853325737862, 50.664924452039955 ], [ 27.917233954535604, 50.717881605360269 ], [ 27.909340074327272, 50.757522243923638 ], [ 28.004418267144111, 50.779940117730057 ], [ 28.00056728786894, 50.852210489908877 ], [ 28.066666666666681, 50.8875 ], [ 28.058333333333366, 50.929166666666696 ], [ 28.108333333333348, 50.941666666666691 ], [ 27.957690599229615, 51.091344875759575 ], [ 28.113350931803403, 51.249149068196644 ] ] ] } },
{ "type": "Feature", "properties": { "basin_id": 2060416390, "pfaf_id": 225201, "sub_area_km2": 8902.1 }, "geometry": { "type": "Polygon", "coordinates": [ [ [ 30.654834662543422, 50.812668524848114 ], [ 30.61767323811851, 50.958175998263918 ], [ 30.704809400770419, 50.98717820909291 ], [ 30.666023932562954, 51.045199584960962 ], [ 30.667570156521286, 51.203520880805151 ], [ 30.719873725043424, 51.246400621202284 ], [ 30.814710489908876, 51.254733954535617 ], [ 30.808333333333355, 51.308333333333366 ], [ 30.902951727973111, 51.324432712131106 ], [ 30.957630750868077, 51.417446390787788 ], [ 30.937968614366341, 51.4479166666667 ], [ 30.970353190104191, 51.526054043240052 ], [ 30.945215861002627, 51.575615607367652 ], [ 30.97843153211808, 51.588302612304716 ], [ 30.94375, 51.620364549424949 ], [ 30.854166666666689, 51.620833333333366 ], [ 30.845266045464431, 51.665451727973121 ], [ 30.878315904405405, 51.686649068196644 ], [ 30.725, 51.716666666666697 ], [ 30.821299235026064, 51.717434692382845 ], [ 30.817893981933615, 51.737439303927985 ], [ 30.883976236979187, 51.738948059082063 ], [ 30.884208848741341, 51.766916910807325 ], [ 31.261753336588566, 51.757766045464443 ], [ 31.343622843424505, 51.795266045464444 ], [ 31.554166666666696, 51.7291666666667 ], [ 31.56176825629343, 51.625896708170607 ], [ 31.508333333333361, 51.570833333333368 ], [ 31.541119045681452, 51.485412936740481 ], [ 31.508333333333361, 51.45 ], [ 31.658900621202285, 51.411285061306451 ], [ 31.645195515950547, 51.321739027235274 ], [ 31.616666666666696, 51.316666666666698 ], [ 31.634250556098117, 51.292259555392825 ], [ 31.832792833116351, 51.25477176242407 ], [ 31.854275851779544, 51.230672370062962 ], [ 31.82856174045142, 51.214817470974424 ], [ 31.874212646484406, 51.191061570909319 ], [ 31.983333333333363, 51.22083333333336 ], [ 32.016666666666694, 51.15 ], [ 32.145086669921888, 51.188067287868954 ], [ 32.207586669921895, 51.149432712131102 ], [ 32.282196214463994, 51.150264485677113 ], [ 32.4, 51.054166666666696 ], [ 32.532864210340733, 51.057715861002634 ], [ 32.55516628689238, 51.092284138997421 ], [ 32.708333333333357, 51.125 ], [ 32.729924180772592, 51.029862467447941 ], [ 32.81977284749351, 51.015934244791694 ], [ 32.9, 50.9625 ], [ 32.746612209743944, 50.961802164713568 ], [ 32.688629150390646, 50.878644137912353 ], [ 32.620833333333351, 50.9 ], [ 32.615762837727885, 50.982688734266517 ], [ 32.27601064046226, 50.992298380533882 ], [ 32.261826070149759, 51.028306749131971 ], [ 32.184701199001751, 51.021450805664088 ], [ 32.129166666666684, 51.004166666666691 ], [ 32.138105095757396, 50.953379313151068 ], [ 32.110506015353749, 50.913104926215304 ], [ 32.06406216091581, 50.912652248806452 ], [ 32.0625, 50.85 ], [ 31.967881605360258, 50.879733954535617 ], [ 31.921643575032565, 50.857522922092038 ], [ 31.890962049696196, 50.784115939670166 ], [ 31.808333333333362, 50.75 ], [ 31.69799363878041, 50.828549194335963 ], [ 31.642331610785618, 50.815665351019987 ], [ 31.6375, 50.758333333333361 ], [ 31.531248982747424, 50.77498643663197 ], [ 31.504166666666695, 50.745833333333358 ], [ 31.422916666666694, 50.787485419379365 ], [ 31.38271586100263, 50.765667046440996 ], [ 31.420833333333359, 50.7 ], [ 31.226742214626761, 50.725353325737871 ], [ 31.17473551432294, 50.771970621744813 ], [ 31.187103949652801, 50.807365587022595 ], [ 31.108258734809052, 50.81371256510419 ], [ 31.132598198784745, 50.857530721028674 ], [ 30.969896104600718, 50.871400621202284 ], [ 30.928599378797767, 50.828154839409748 ], [ 30.958900621202279, 50.797048272026935 ], [ 30.884301079644118, 50.766270616319467 ], [ 30.853029378255229, 50.628902180989606 ], [ 30.79757554796009, 50.632980007595506 ], [ 30.783333333333353, 50.566666666666691 ], [ 30.718877156575541, 50.533900621202278 ], [ 30.594120449490038, 50.524646674262172 ], [ 30.525465053982224, 50.552088080512178 ], [ 30.571097988552538, 50.638637288411481 ], [ 30.565998670789948, 50.763120185004368 ], [ 30.596001688639344, 50.779834662543429 ], [ 30.636710951063389, 50.753718397352458 ], [ 30.654834662543422, 50.812668524848114 ] ] ] } },
{ "type": "Feature", "properties": { "basin_id": 2060477070, "pfaf_id": 223403, "sub_area_km2": 7025.2 }, "geometry": { "type": "MultiPolygon", "coordinates": [ [ [ [ 39.646199205186662, 48.369670274522591 ], [ 39.595266045464435, 48.473785061306444 ], [ 39.694982571072075, 48.521684095594644 ], [ 39.68339070550671, 48.590600326122569 ], [ 39.801, 48.59 ], [ 39.854, 48.568 ], [ 39.871, 48.503 ], [ 39.843, 48.472 ], [ 39.891, 48.449 ], [ 39.946, 48.353 ], [ 39.839, 48.311 ], [ 39.917, 48.27 ], [ 39.99, 48.318 ], [ 40.022, 48.256 ], [ 40.009, 48.224 ], [ 39.944, 48.227 ], [ 39.872, 48.083 ], [ 39.731620279947947, 48.087853325737882 ], [ 39.645086669921902, 48.049432712131114 ], [ 39.168408881293431, 48.133686659071216 ], [ 39.07140062120228, 48.218622843424512 ], [ 39.6125, 48.325 ], [ 39.646199205186662, 48.369670274522591 ] ] ], [ [ [ 39.881634920634831, 48.04583333333337 ], [ 39.872575547960096, 48.046186659071218 ], [ 39.859414024099266, 48.055166109878307 ], [ 39.881634920634831, 48.04583333333337 ] ] ] ] } },
{ "type": "Feature", "properties": { "basin_id": 2060465300, "pfaf_id": 223405, "sub_area_km2": 6443.0 }, "geometry": { "type": "Polygon", "coordinates": [ [ [ 38.360757785373281, 48.300353325737866 ], [ 38.088067287868938, 48.339710489908875 ], [ 38.178599378797756, 48.472789510091168 ], [ 38.1625, 48.495833333333358 ], [ 38.329166666666687, 48.55 ], [ 38.324432712131092, 48.607586669921901 ], [ 38.369982401529967, 48.621684095594645 ], [ 38.383333333333354, 48.72083333333336 ], [ 38.739924452039951, 48.716313340928842 ], [ 38.876742214626759, 48.650353325737868 ], [ 39.06875, 48.612514580620683 ], [ 39.295833333333356, 48.65833333333336 ], [ 39.266061740451413, 48.686959499783008 ], [ 39.291313340928845, 48.706591118706619 ], [ 39.241666666666688, 48.72083333333336 ], [ 39.207766045464432, 48.806377156575543 ], [ 39.125661214192732, 48.867566257052978 ], [ 39.079635281033006, 48.997916666666697 ], [ 39.129733954535617, 49.029913330078152 ], [ 39.104166666666693, 49.054166666666696 ], [ 39.158487277560788, 49.130369737413226 ], [ 39.13272840711808, 49.15283779568145 ], [ 39.16583692762589, 49.16738281250003 ], [ 39.163067287868948, 49.231377156575547 ], [ 39.25, 49.320833333333361 ], [ 39.4125, 49.245833333333366 ], [ 39.405075751410614, 49.188123575846383 ], [ 39.437039184570338, 49.177093336317306 ], [ 39.446541680230062, 49.121720716688394 ], [ 39.5, 49.1 ], [ 39.526761881510446, 49.003788587782147 ], [ 39.621186659071206, 48.95171440972225 ], [ 39.57892659505211, 48.932542928059924 ], [ 39.646400621202282, 48.852951727973114 ], [ 39.600567287868948, 48.814710489908876 ], [ 39.650567287868952, 48.692626274956623 ], [ 39.628599378797773, 48.638246663411479 ], [ 39.7, 48.53333333333336 ], [ 39.595266045464435, 48.473785061306444 ], [ 39.592118326822941, 48.431247287326414 ], [ 39.646199205186662, 48.369670274522591 ], [ 39.6125, 48.325 ], [ 38.948286946614608, 48.216313340928856 ], [ 38.814924452039953, 48.295480007595508 ], [ 38.644116550021721, 48.253813340928843 ], [ 38.470833333333353, 48.354166666666686 ], [ 38.360757785373281, 48.300353325737866 ] ] ] } },
{ "type": "Feature", "properties": { "basin_id": 2060477080, "pfaf_id": 223402, "sub_area_km2": 10542.8 }, "geometry": { "type": "MultiPolygon", "coordinates": [ [ [ [ 40.225, 49.258333333333361 ], [ 40.180134412977445, 49.287895880805152 ], [ 40.174735344780835, 49.298862881130674 ], [ 40.188248960342221, 49.30435888530446 ], [ 40.225, 49.258333333333361 ] ] ], [ [ [ 40.189084535836074, 49.317310305459102 ], [ 40.186932712131096, 49.32593722873267 ], [ 40.189852519478151, 49.329214051911343 ], [ 40.189084535836074, 49.317310305459102 ] ] ], [ [ [ 40.166318954712509, 49.362821182876601 ], [ 40.156122843424498, 49.367233954535621 ], [ 40.149463539525442, 49.373414564495427 ], [ 40.166318954712509, 49.362821182876601 ] ] ], [ [ [ 40.135289510091162, 49.379733954535624 ], [ 40.075887383355052, 49.404875183105496 ], [ 40.029166666666697, 49.454166666666694 ], [ 40.038795953665961, 49.511437892735728 ], [ 40.031, 49.456 ], [ 40.135289510091162, 49.379733954535624 ] ] ], [ [ [ 40.038038804796024, 49.51875 ], [ 40.078256343902822, 49.601418378513458 ], [ 40.136, 49.617 ], [ 40.17, 49.566 ], [ 40.038038804796024, 49.51875 ] ] ] ] } },
{ "type": "Feature", "properties": { "basin_id": 2060461960, "pfaf_id": 223407, "sub_area_km2": 15527.8 }, "geometry": { "type": "Polygon", "coordinates": [ [ [ 39.085417344835093, 48.612513902452278 ], [ 38.876742214626759, 48.650353325737868 ], [ 38.739924452039951, 48.716313340928842 ], [ 38.383333333333354, 48.72083333333336 ], [ 38.369982401529967, 48.621684095594645 ], [ 38.324432712131092, 48.607586669921901 ], [ 38.329166666666687, 48.55 ], [ 38.295592922634569, 48.549261474609395 ], [ 38.294971211751317, 48.520676676432316 ], [ 38.1875, 48.520833333333357 ], [ 38.144982401529965, 48.40918409559464 ], [ 38.108729214138471, 48.399032253689256 ], [ 38.0875, 48.3375 ], [ 38.05, 48.3375 ], [ 37.97168426513673, 48.224149237738736 ], [ 38.032980007595498, 48.177424452039951 ], [ 38.041666666666686, 48.1125 ], [ 37.94375, 48.095847913954032 ], [ 37.855385335286485, 48.129368082682326 ], [ 37.7875, 48.104166666666686 ], [ 37.75, 48.116666666666688 ], [ 37.7, 48.21666666666669 ], [ 37.593877156575552, 48.257766045464429 ], [ 37.496732923719648, 48.257672119140643 ], [ 37.380075751410615, 48.16729024251304 ], [ 37.2875, 48.258333333333354 ], [ 37.2, 48.291666666666686 ], [ 37.186882527669297, 48.353167046440994 ], [ 37.254166666666691, 48.45 ], [ 37.150567287868945, 48.514456176757832 ], [ 37.241666666666688, 48.59583333333336 ], [ 37.183333333333358, 48.679166666666688 ], [ 36.668408881293423, 48.825353325737872 ], [ 36.670833333333356, 48.925 ], [ 36.903420003255228, 48.992233954535614 ], [ 37.364213053385441, 49.003813340928843 ], [ 37.467578803168429, 49.132566663954023 ], [ 37.694919840494819, 49.163107469346819 ], [ 37.866313340928848, 49.310075547960096 ], [ 37.87473551432295, 49.490529547797337 ], [ 37.949432712131092, 49.568622843424514 ], [ 37.921186659071196, 49.702424452039963 ], [ 38.01666666666668, 49.8375 ], [ 38.177453782823363, 49.820480007595521 ], [ 38.266666666666687, 49.85 ], [ 38.35, 49.8 ], [ 38.560757785373283, 49.816313340928851 ], [ 38.6125, 49.770833333333364 ], [ 38.582715691460521, 49.749263339572515 ], [ 38.608950975206184, 49.707864210340745 ], [ 38.575617641872853, 49.664660135904981 ], [ 38.590760972764777, 49.621470981174078 ], [ 38.557766045464426, 49.600937228732668 ], [ 38.5625, 49.55 ], [ 38.604166666666686, 49.533333333333367 ], [ 38.561882358127193, 49.462969122992654 ], [ 38.622329033745679, 49.416679890950547 ], [ 38.657482401529968, 49.444982401529977 ], [ 38.675967746310782, 49.371229214138488 ], [ 38.828599378797762, 49.298043823242217 ], [ 38.842032538519987, 49.246996561686224 ], [ 38.804166666666688, 49.225 ], [ 38.845480007595505, 49.152424452039959 ], [ 38.8125, 49.09583333333336 ], [ 38.825, 49.0 ], [ 38.986649237738739, 48.90331590440541 ], [ 39.00890062120228, 48.806122843424504 ], [ 39.07278951009117, 48.729733954535618 ], [ 39.256591118706623, 48.724646674262175 ], [ 39.291313340928845, 48.706591118706619 ], [ 39.266061740451413, 48.686959499783008 ], [ 39.295833333333356, 48.65833333333336 ], [ 39.085417344835093, 48.612513902452278 ] ] ] } },
{ "type": "Feature", "properties": { "basin_id": 2060465150, "pfaf_id": 223404, "sub_area_km2": 5366.0 }, "geometry": { "type": "Polygon", "coordinates": [ [ [ 39.4125, 49.245833333333366 ], [ 39.254166666666691, 49.316666666666698 ], [ 39.334021335177979, 49.436690436469213 ], [ 39.483333333333363, 49.5125 ], [ 39.479733954535618, 49.548043823242217 ], [ 39.557483249240477, 49.642233954535619 ], [ 39.633333333333361, 49.645833333333364 ], [ 39.806620279947943, 49.557980007595518 ], [ 40.066495492499207, 49.600667128974443 ], [ 40.029166666666697, 49.454166666666694 ], [ 40.191, 49.347 ], [ 40.174735344780835, 49.298862881130674 ], [ 40.225, 49.258333333333361 ], [ 40.025, 49.176 ], [ 39.939, 49.057 ], [ 39.68, 49.041 ], [ 39.674, 48.991 ], [ 39.751, 48.984 ], [ 39.828, 48.885 ], [ 39.926, 48.895 ], [ 39.992, 48.867 ], [ 40.03, 48.915 ], [ 40.079, 48.87 ], [ 39.977, 48.795 ], [ 39.802, 48.843 ], [ 39.769, 48.767 ], [ 39.728, 48.761 ], [ 39.725, 48.685 ], [ 39.669399378262632, 48.596201243474724 ], [ 39.628599378797773, 48.638246663411479 ], [ 39.650567287868952, 48.692626274956623 ], [ 39.6, 48.804166666666688 ], [ 39.646400621202282, 48.852951727973114 ], [ 39.57892659505211, 48.932542928059924 ], [ 39.621186659071206, 48.95171440972225 ], [ 39.526761881510446, 49.003788587782147 ], [ 39.5, 49.1 ], [ 39.446541680230062, 49.121720716688394 ], [ 39.437039184570338, 49.177093336317306 ], [ 39.405075751410614, 49.188123575846383 ], [ 39.4125, 49.245833333333366 ] ] ] } },
{ "type": "Feature", "properties": { "basin_id": 2060461730, "pfaf_id": 223406, "sub_area_km2": 7389.9 }, "geometry": { "type": "Polygon", "coordinates": [ [ [ 39.221186659071208, 49.305908881293433 ], [ 39.224338785807319, 49.275899590386317 ], [ 39.163067287868948, 49.231377156575547 ], [ 39.16583692762589, 49.16738281250003 ], [ 39.13272840711808, 49.15283779568145 ], [ 39.158487277560788, 49.130369737413226 ], [ 39.104166666666693, 49.054166666666696 ], [ 39.128599378797766, 49.026956176757842 ], [ 39.079635281033006, 48.997916666666697 ], [ 39.125661214192732, 48.867566257052978 ], [ 39.249646674262181, 48.730908881293431 ], [ 39.111753336588563, 48.711932712131102 ], [ 39.0125, 48.8 ], [ 38.986649237738739, 48.90331590440541 ], [ 38.825, 49.0 ], [ 38.8125, 49.09583333333336 ], [ 38.845480007595505, 49.152424452039959 ], [ 38.804166666666688, 49.225 ], [ 38.842032538519987, 49.246996561686224 ], [ 38.828599378797762, 49.298043823242217 ], [ 38.675967746310782, 49.371229214138488 ], [ 38.657482401529968, 49.444982401529977 ], [ 38.622329033745679, 49.416679890950547 ], [ 38.563655938042551, 49.459194098578593 ], [ 38.604166666666686, 49.533333333333367 ], [ 38.5625, 49.55 ], [ 38.557766045464426, 49.600937228732668 ], [ 38.590760972764777, 49.621470981174078 ], [ 38.575617641872853, 49.664660135904981 ], [ 38.608950975206184, 49.707864210340745 ], [ 38.582715691460521, 49.749263339572515 ], [ 38.612146674262171, 49.777424452039966 ], [ 38.560757785373283, 49.816313340928851 ], [ 38.470833333333353, 49.816666666666698 ], [ 38.457766045464425, 49.861285061306461 ], [ 38.491653442382834, 49.888995700412359 ], [ 38.421494547526059, 49.940767076280416 ], [ 38.4857871161567, 49.967019992404545 ], [ 38.653, 49.953 ], [ 38.688, 50.008 ], [ 38.73, 49.988 ], [ 38.683, 49.962 ], [ 38.713, 49.925 ], [ 38.911, 49.863 ], [ 38.892, 49.834 ], [ 38.944, 49.804 ], [ 39.07, 49.822 ], [ 39.194, 49.893 ], [ 39.249, 49.774 ], [ 39.608, 49.732 ], [ 39.592718844943604, 49.709092034233976 ], [ 39.638548866942429, 49.646102494964609 ], [ 39.557483249240477, 49.642233954535619 ], [ 39.479733954535618, 49.548043823242217 ], [ 39.483333333333363, 49.5125 ], [ 39.334021335177979, 49.436690436469213 ], [ 39.295195515950546, 49.350905693901936 ], [ 39.221186659071208, 49.305908881293433 ] ] ] } },
{ "type": "Feature", "properties": { "basin_id": 2060439160, "pfaf_id": 223910, "sub_area_km2": 17028.0 }, "geometry": { "type": "MultiPolygon", "coordinates": [ [ [ [ 40.078256343902822, 49.601418378513458 ], [ 40.070833333333347, 49.595833333333367 ], [ 40.066495492499207, 49.600667128974443 ], [ 40.078256343902822, 49.601418378513458 ] ] ], [ [ [ 40.021392613762679, 49.602516778089729 ], [ 40.006377156575553, 49.596400621202292 ], [ 39.983196007432333, 49.598023059697923 ], [ 40.021392613762679, 49.602516778089729 ] ] ], [ [ [ 39.94679454305642, 49.590534281945807 ], [ 39.949, 49.594 ], [ 39.95041516048245, 49.594166489468527 ], [ 39.94679454305642, 49.590534281945807 ] ] ], [ [ [ 39.946155780672264, 49.589530512484991 ], [ 39.939924452039961, 49.575353325737879 ], [ 39.936848688267297, 49.574905081562896 ], [ 39.946155780672264, 49.589530512484991 ] ] ], [ [ [ 39.931353407007798, 49.570936410377278 ], [ 39.906591118706629, 49.558686659071213 ], [ 39.888571338447399, 49.558458307047161 ], [ 39.931353407007798, 49.570936410377278 ] ] ], [ [ [ 39.884089583011772, 49.558494221752717 ], [ 39.827453613281278, 49.562853325737876 ], [ 39.810371566692936, 49.55813933750985 ], [ 39.884089583011772, 49.558494221752717 ] ] ], [ [ [ 39.809810084046731, 49.558115489431046 ], [ 39.795833333333363, 49.5625 ], [ 39.791968561842516, 49.568965063744422 ], [ 39.809810084046731, 49.558115489431046 ] ] ], [ [ [ 39.789915993547417, 49.570213247167111 ], [ 39.775850762261314, 49.575850931803416 ], [ 39.77496431037941, 49.579305486931439 ], [ 39.789915993547417, 49.570213247167111 ] ] ], [ [ [ 39.726956176757838, 49.600567287868955 ], [ 39.715947364260074, 49.606807462482266 ], [ 39.741266585023695, 49.599797346945053 ], [ 39.726956176757838, 49.600567287868955 ] ] ], [ [ [ 39.708333333333364, 49.6041666666667 ], [ 39.656122843424505, 49.613067287868958 ], [ 39.633333333333361, 49.645833333333364 ], [ 39.657, 49.618 ], [ 39.708333333333364, 49.6041666666667 ] ] ], [ [ [ 39.609089491102459, 49.688256157769132 ], [ 39.608848208197429, 49.691338882899295 ], [ 39.610968799989507, 49.688109058477515 ], [ 39.609089491102459, 49.688256157769132 ] ] ], [ [ [ 39.601014218076344, 49.725450829446579 ], [ 39.591666666666697, 49.7125 ], [ 39.592354668511312, 49.724190436469215 ], [ 39.601014218076344, 49.725450829446579 ] ] ] ] } },
{ "type": "Feature", "properties": { "basin_id": 2060454840, "pfaf_id": 225170, "sub_area_km2": 7146.4 }, "geometry": { "type": "Polygon", "coordinates": [ [ [ 33.063244967990478, 49.423969862196209 ], [ 33.128270806206622, 49.4368572658963 ], [ 33.117631022135441, 49.478202480740052 ], [ 33.236138916015648, 49.558299424913223 ], [ 33.266666666666694, 49.525 ], [ 33.21666666666669, 49.516666666666694 ], [ 33.200708346896725, 49.400887383355062 ], [ 33.257424248589437, 49.382709757487007 ], [ 33.409127468533015, 49.179960801866351 ], [ 33.457472398546031, 49.178010728624159 ], [ 33.455322604709231, 49.134194268120687 ], [ 33.549389309353323, 49.005103556315134 ], [ 33.441399129231797, 49.015718248155409 ], [ 33.432611762152803, 48.942414686414956 ], [ 33.221712917751759, 48.965927802191864 ], [ 33.246400621202284, 48.917516750759575 ], [ 33.228505452473982, 48.875899590386311 ], [ 33.181122843424504, 48.874432712131103 ], [ 33.149260796440998, 48.829941474066864 ], [ 33.066666666666691, 48.916666666666693 ], [ 33.0125, 48.929166666666696 ], [ 32.770086669921895, 48.86609937879777 ], [ 32.641666666666687, 48.90416666666669 ], [ 32.55662044949004, 48.892019992404542 ], [ 32.478360324435783, 48.845215861002629 ], [ 32.307586669921889, 48.846400621202285 ], [ 32.258333333333347, 48.791666666666693 ], [ 32.2125, 48.816666666666691 ], [ 32.005908881293436, 48.767019992404542 ], [ 31.920086669921904, 48.82140062120228 ], [ 31.758333333333361, 48.858333333333363 ], [ 31.749137708875896, 48.936859469943606 ], [ 31.669896104600724, 48.941099378797773 ], [ 31.62425333658857, 48.988067287868951 ], [ 31.522789510091172, 48.995266045464433 ], [ 31.433333333333358, 48.954166666666694 ], [ 31.404784138997421, 49.049000379774334 ], [ 31.325, 49.09583333333336 ], [ 31.375, 49.1375 ], [ 31.478505452473986, 49.146732923719647 ], [ 31.500850762261312, 49.26998240152998 ], [ 31.6, 49.329166666666694 ], [ 31.748257785373294, 49.275353325737875 ], [ 31.779434204101591, 49.305115254720079 ], [ 31.725704277886315, 49.369913906521298 ], [ 31.803315904405412, 49.392517598470079 ], [ 31.839242214626765, 49.437146674262181 ], [ 31.979166666666682, 49.370833333333366 ], [ 31.995833333333348, 49.320833333333361 ], [ 32.533333333333353, 49.191666666666691 ], [ 32.582483249240468, 49.246400621202284 ], [ 32.67406277126738, 49.258900621202287 ], [ 32.858333333333356, 49.229166666666693 ], [ 32.87854919433596, 49.268826802571645 ], [ 32.834085083007835, 49.365879821777376 ], [ 32.943673027886305, 49.50354902479387 ], [ 32.986691284179713, 49.511806742350288 ], [ 32.993180338541691, 49.462354702419738 ], [ 33.063244967990478, 49.423969862196209 ] ] ] } },
{ "type": "Feature", "properties": { "basin_id": 2060459130, "pfaf_id": 225140, "sub_area_km2": 14511.5 }, "geometry": { "type": "Polygon", "coordinates": [ [ [ 35.836932712131109, 50.293622843424501 ], [ 35.828198920355931, 50.233729383680576 ], [ 35.74140218098961, 50.161362711588559 ], [ 35.729519992404541, 50.110075547960086 ], [ 35.779166666666697, 50.079166666666687 ], [ 35.724432712131104, 50.034548272026932 ], [ 35.747048272026937, 50.003599378797759 ], [ 35.84583333333336, 50.0 ], [ 35.858333333333348, 49.958333333333371 ], [ 35.804166666666696, 49.925 ], [ 35.583333333333364, 49.925 ], [ 35.502031792534751, 49.895190599229636 ], [ 35.474357096354197, 49.846883646647171 ], [ 35.521476236979197, 49.816344875759583 ], [ 35.45, 49.675 ], [ 35.322915988498288, 49.67081943088111 ], [ 35.213145616319466, 49.628263176812098 ], [ 35.15416666666669, 49.545833333333363 ], [ 35.116666666666688, 49.4125 ], [ 34.982345241970506, 49.395266045464439 ], [ 34.882586669921899, 49.429733954535621 ], [ 34.707482401529965, 49.259184265136746 ], [ 34.608333333333356, 49.304166666666696 ], [ 34.472839864095072, 49.257715691460533 ], [ 34.383333333333354, 49.179166666666696 ], [ 34.334548272026929, 49.192233954535617 ], [ 34.293788994683176, 49.108988783094645 ], [ 34.233333333333348, 49.108333333333363 ], [ 34.20416666666668, 49.020833333333357 ], [ 34.2625, 48.95 ], [ 34.150774637858092, 48.911760796441001 ], [ 34.136661105685782, 48.850745307074675 ], [ 34.042546420627183, 48.838238864474853 ], [ 33.966083780924492, 48.953247070312528 ], [ 33.8625, 49.0125 ], [ 33.858333333333348, 49.041666666666693 ], [ 33.904642401801226, 49.046513875325545 ], [ 33.979577806260863, 49.003486124674509 ], [ 33.983110046386734, 49.040903049045163 ], [ 34.027741495768247, 49.045608520507841 ], [ 34.025, 49.108333333333363 ], [ 33.8875, 49.166666666666693 ], [ 33.896400621202268, 49.210543823242219 ], [ 33.941076151529963, 49.230181037055146 ], [ 33.938277859157999, 49.278459676106799 ], [ 33.975, 49.2875 ], [ 33.970190599229618, 49.332417805989614 ], [ 34.025, 49.404166666666697 ], [ 34.111706712510866, 49.434052870008713 ], [ 34.096660020616333, 49.474311150444912 ], [ 34.158333333333353, 49.504166666666698 ], [ 34.159343295627188, 49.532737562391524 ], [ 34.245124816894545, 49.546720716688398 ], [ 34.27179311116538, 49.703510708279111 ], [ 34.42400224473743, 49.729843648274773 ], [ 34.562146674262173, 49.818408881293436 ], [ 34.60359937879776, 49.926956176757848 ], [ 34.5875, 49.9625 ], [ 34.6625, 50.033333333333353 ], [ 34.663067287868941, 50.117413330078143 ], [ 34.633333333333354, 50.145833333333357 ], [ 34.699644300672766, 50.185045369466167 ], [ 34.791010708279103, 50.342626614040817 ], [ 34.69669426812068, 50.384063381618944 ], [ 34.657753499348978, 50.484221055772593 ], [ 34.779431321885873, 50.559470621744815 ], [ 34.784220716688388, 50.599291653103322 ], [ 34.8625, 50.625 ], [ 34.8875, 50.675 ], [ 34.9625, 50.71666666666669 ], [ 35.075, 50.691666666666691 ], [ 35.121742418077282, 50.745209757487004 ], [ 35.355908881293431, 50.708686659071205 ], [ 35.476585677168174, 50.74122323342624 ], [ 35.483, 50.66 ], [ 35.392, 50.662 ], [ 35.431, 50.608 ], [ 35.376, 50.58 ], [ 35.576, 50.458 ], [ 35.618, 50.354 ], [ 35.739, 50.354 ], [ 35.826, 50.428 ], [ 36.063296153333276, 50.448356075227274 ], [ 35.9, 50.370833333333358 ], [ 35.836932712131109, 50.293622843424501 ] ] ] } },
{ "type": "Feature", "properties": { "basin_id": 2060452740, "pfaf_id": 223409, "sub_area_km2": 23122.2 }, "geometry": { "type": "Polygon", "coordinates": [ [ [ 35.966666666666697, 49.6 ], [ 35.957627699110276, 49.571640353732668 ], [ 35.8875, 49.554166666666696 ], [ 35.739456176757841, 49.596400621202292 ], [ 35.695833333333361, 49.720833333333367 ], [ 35.526956176757842, 49.779733954535622 ], [ 35.520077853732666, 49.832612101237011 ], [ 35.474357096354197, 49.846883646647171 ], [ 35.543408881293431, 49.916313340928852 ], [ 35.804166666666696, 49.925 ], [ 35.858333333333348, 49.958333333333371 ], [ 35.84583333333336, 50.0 ], [ 35.747048272026937, 50.003599378797759 ], [ 35.724432712131104, 50.034548272026932 ], [ 35.779166666666697, 50.079166666666687 ], [ 35.729519992404541, 50.110075547960086 ], [ 35.74140218098961, 50.161362711588559 ], [ 35.828198920355931, 50.233729383680576 ], [ 35.837854682074685, 50.302452256944463 ], [ 35.9, 50.370833333333358 ], [ 35.99804382324222, 50.396400621202275 ], [ 36.022789510091179, 50.432766045464433 ], [ 36.145, 50.44 ], [ 36.285, 50.345 ], [ 36.315, 50.289 ], [ 36.433, 50.331 ], [ 36.587, 50.281 ], [ 36.562, 50.249 ], [ 36.653, 50.221 ], [ 36.689, 50.263 ], [ 36.928, 50.349 ], [ 37.123, 50.352 ], [ 37.282, 50.393 ], [ 37.321, 50.435 ], [ 37.496, 50.459 ], [ 37.466, 50.43 ], [ 37.474, 50.37 ], [ 37.579156061085072, 50.310344297572918 ], [ 37.5125, 50.275 ], [ 37.492327880859399, 50.190767076280402 ], [ 37.545833333333363, 50.15 ], [ 37.5375, 50.108333333333356 ], [ 37.396572197808183, 50.049120246039529 ], [ 37.396400621202282, 49.993622843424511 ], [ 37.446400621202287, 49.929913330078158 ], [ 37.40833333333336, 49.845833333333367 ], [ 37.466058349609405, 49.836535474989184 ], [ 37.432766045464433, 49.772048272026943 ], [ 37.471400621202285, 49.749253336588573 ], [ 37.359141031901068, 49.715706380208367 ], [ 37.35, 49.6625 ], [ 37.428505452473985, 49.649100409613744 ], [ 37.379166666666691, 49.5125 ], [ 37.441035970052113, 49.498511589898037 ], [ 37.4625, 49.341666666666697 ], [ 37.388319905598983, 49.245061408148899 ], [ 37.36609937879777, 49.146579996744819 ], [ 37.449225192599854, 49.088239203559056 ], [ 37.409083387586833, 49.082592434353323 ], [ 37.364213053385441, 49.003813340928843 ], [ 36.867881605360267, 48.983900621202281 ], [ 36.670833333333356, 48.925 ], [ 36.687038167317731, 48.881241183810786 ], [ 36.632396104600716, 48.811932712131103 ], [ 36.541666666666686, 48.8625 ], [ 36.378420003255229, 48.853599378797767 ], [ 36.282586669921891, 48.882766045464436 ], [ 36.225, 48.925 ], [ 36.33333333333335, 49.0375 ], [ 36.286882358127187, 49.178697543674076 ], [ 36.325, 49.229166666666693 ], [ 36.3125, 49.295833333333363 ], [ 36.207911173502623, 49.37638159857859 ], [ 36.19492001003691, 49.436892530653239 ], [ 36.129790242513039, 49.455075920952723 ], [ 36.178599378797756, 49.560289510091181 ], [ 36.14166666666668, 49.6375 ], [ 35.966666666666697, 49.6 ] ] ] } },
{ "type": "Feature", "properties": { "basin_id": 2060448170, "pfaf_id": 225180, "sub_area_km2": 19218.2 }, "geometry": { "type": "Polygon", "coordinates": [ [ [ 32.610339864095074, 49.51728430853953 ], [ 32.536696031358524, 49.565940348307322 ], [ 32.488350931803403, 49.55918426513675 ], [ 32.529166666666683, 49.629166666666698 ], [ 32.443749152289513, 49.695283169216609 ], [ 32.420833333333348, 49.675 ], [ 32.421450975206184, 49.727160135904981 ], [ 32.461938476562516, 49.735416666666701 ], [ 32.413215637207053, 49.784138827853766 ], [ 32.424220784505223, 49.820125495062968 ], [ 32.283333333333353, 49.891666666666701 ], [ 32.253174675835524, 49.95354919433597 ], [ 32.216666666666683, 49.945833333333368 ], [ 32.202210489908872, 50.020266045464446 ], [ 32.140655008951839, 50.020266045464446 ], [ 32.099253336588561, 50.063067287868961 ], [ 32.0375, 50.0375 ], [ 31.991083780924495, 50.132413736979188 ], [ 31.850354851616768, 50.218379720052106 ], [ 31.891888258192289, 50.2717973497179 ], [ 31.88404473198786, 50.324236382378494 ], [ 31.975617641872844, 50.305534532335088 ], [ 31.945215691460518, 50.341197374131966 ], [ 31.961932712131091, 50.364710489908873 ], [ 31.821684265136732, 50.438350762261308 ], [ 31.824223497178849, 50.507613457573811 ], [ 31.75, 50.5625 ], [ 31.7125, 50.6625 ], [ 31.675598483615481, 50.667582194010443 ], [ 31.691652425130236, 50.743750339084229 ], [ 31.6375, 50.758333333333361 ], [ 31.642331610785618, 50.815665351019987 ], [ 31.69799363878041, 50.828549194335963 ], [ 31.785075547960098, 50.750353325737869 ], [ 31.825, 50.754166666666691 ], [ 31.835352410210518, 50.782702975802977 ], [ 31.890962049696196, 50.784115939670166 ], [ 31.921643575032565, 50.857522922092038 ], [ 31.967881605360258, 50.879733954535617 ], [ 32.0625, 50.85 ], [ 32.06406216091581, 50.912652248806452 ], [ 32.110506015353749, 50.913104926215304 ], [ 32.138105095757396, 50.953379313151068 ], [ 32.129166666666684, 51.004166666666691 ], [ 32.253697543674065, 51.029784138997421 ], [ 32.27601064046226, 50.992298380533882 ], [ 32.615762837727885, 50.982688734266517 ], [ 32.620833333333351, 50.9 ], [ 32.688629150390646, 50.878644137912353 ], [ 32.746612209743944, 50.961802164713568 ], [ 32.9, 50.9625 ], [ 32.81977284749351, 51.015934244791694 ], [ 32.729924180772592, 51.029862467447941 ], [ 32.708333333333357, 51.125 ], [ 32.9, 51.108333333333363 ], [ 32.972916666666691, 51.154152086046032 ], [ 33.245833333333358, 51.091666666666697 ], [ 33.258333333333361, 51.120833333333358 ], [ 33.466666666666697, 51.09583333333336 ], [ 33.456122843424509, 51.145266045464439 ], [ 33.541197374131968, 51.154784138997421 ], [ 33.693673027886312, 51.075617472330755 ], [ 33.731591118706625, 51.079519992404542 ], [ 33.720266045464442, 51.117603895399334 ], [ 33.780534532335096, 51.150617472330758 ], [ 33.945364040798644, 51.078549194335963 ], [ 34.081624518500448, 51.095474243164091 ], [ 34.0625, 51.0375 ], [ 34.182567172580313, 50.99511277940541 ], [ 34.162515258789078, 50.942916531033013 ], [ 34.317803785536043, 50.883068847656276 ], [ 34.381377156575539, 50.895266045464439 ], [ 34.485783555772585, 50.857980007595515 ], [ 34.514924452039949, 50.878813340928843 ], [ 34.594945949978317, 50.824291653103323 ], [ 34.58333333333335, 50.78333333333336 ], [ 34.50625, 50.741681247287353 ], [ 34.380166286892376, 50.792284138997424 ], [ 34.26619754367406, 50.771450805664088 ], [ 34.178430006239168, 50.711882527669296 ], [ 34.0, 50.77916666666669 ], [ 33.725777859158015, 50.736793009440127 ], [ 33.7, 50.71666666666669 ], [ 33.715659925672774, 50.667477756076416 ], [ 33.618408881293433, 50.645480007595509 ], [ 33.557803683810789, 50.571773952908011 ], [ 33.743683878580761, 50.391011216905405 ], [ 33.607586669921901, 50.429733954535614 ], [ 33.528549194335966, 50.399000379774328 ], [ 33.564506361219642, 50.338117472330751 ], [ 33.597993638780409, 50.353549194335962 ], [ 33.626367865668428, 50.320215861002623 ], [ 33.686528184678849, 50.320064968533011 ], [ 33.703813001844644, 50.276714070638043 ], [ 33.665852525499162, 50.246490139431444 ], [ 33.609496392144123, 50.254532538519989 ], [ 33.595086669921905, 50.220266045464427 ], [ 33.425, 50.204166666666687 ], [ 33.37583380805124, 50.170150078667554 ], [ 33.354166666666693, 50.1 ], [ 33.394873385959229, 50.099344211154531 ], [ 33.399383205837701, 50.067577785915816 ], [ 33.361791653103325, 49.988387383355068 ], [ 33.311932712131103, 49.988246663411495 ], [ 33.34166666666669, 49.958333333333371 ], [ 33.283961317274333, 49.965859815809495 ], [ 33.28333333333336, 49.933333333333366 ], [ 33.22150709364152, 49.924199930826859 ], [ 33.165667046440994, 49.786882358127201 ], [ 33.050637817382835, 49.732427639431457 ], [ 33.053899129231795, 49.630115254720081 ], [ 33.191632758246556, 49.534694417317738 ], [ 33.117631022135441, 49.478202480740052 ], [ 33.128270806206622, 49.4368572658963 ], [ 33.05200636121964, 49.417284308539529 ], [ 32.993180338541691, 49.462354702419738 ], [ 32.986691284179713, 49.511806742350288 ], [ 32.9375, 49.5 ], [ 32.941022067599846, 49.471737162272163 ], [ 32.834085083007835, 49.365879821777376 ], [ 32.87854919433596, 49.268826802571645 ], [ 32.858333333333356, 49.241666666666696 ], [ 32.783999464246982, 49.292522006564703 ], [ 32.782665337456621, 49.324187554253498 ], [ 32.646784803602451, 49.346480984158013 ], [ 32.658333333333353, 49.370833333333366 ], [ 32.574969143337697, 49.463912794325118 ], [ 32.610339864095074, 49.51728430853953 ] ] ] } },
{ "type": "Feature", "properties": { "basin_id": 2060454640, "pfaf_id": 225160, "sub_area_km2": 22782.0 }, "geometry": { "type": "Polygon", "coordinates": [ [ [ 35.473043823242215, 50.738067287868951 ], [ 35.355908881293431, 50.708686659071205 ], [ 35.121742418077282, 50.745209757487004 ], [ 35.075, 50.691666666666691 ], [ 34.9625, 50.71666666666669 ], [ 34.679166666666688, 50.508333333333354 ], [ 34.657753499348978, 50.484221055772593 ], [ 34.69669426812068, 50.384063381618944 ], [ 34.791010708279103, 50.342626614040817 ], [ 34.699644300672766, 50.185045369466167 ], [ 34.633333333333354, 50.145833333333357 ], [ 34.663067287868941, 50.117413330078143 ], [ 34.6625, 50.033333333333353 ], [ 34.5875, 49.9625 ], [ 34.60359937879776, 49.926956176757848 ], [ 34.558333333333351, 49.8125 ], [ 34.42400224473743, 49.729843648274773 ], [ 34.27179311116538, 49.703510708279111 ], [ 34.245124816894545, 49.546720716688398 ], [ 34.159343295627188, 49.532737562391524 ], [ 34.158333333333353, 49.504166666666698 ], [ 34.096660020616333, 49.474311150444912 ], [ 34.111706712510866, 49.434052870008713 ], [ 34.025, 49.404166666666697 ], [ 33.970190599229618, 49.332417805989614 ], [ 33.975, 49.2875 ], [ 33.938277859157999, 49.278459676106799 ], [ 33.941076151529963, 49.230181037055146 ], [ 33.823257785373293, 49.125353325737876 ], [ 33.726425170898466, 49.100224812825552 ], [ 33.68628506130645, 48.999432712131103 ], [ 33.599530707465306, 49.042284138997424 ], [ 33.55, 49.0125 ], [ 33.455322604709231, 49.134194268120687 ], [ 33.457472398546031, 49.178010728624159 ], [ 33.409127468533015, 49.179960801866351 ], [ 33.257424248589437, 49.382709757487007 ], [ 33.200708346896725, 49.400887383355062 ], [ 33.21666666666669, 49.516666666666694 ], [ 33.265694851345515, 49.528398471408451 ], [ 33.236138916015648, 49.558299424913223 ], [ 33.183333333333358, 49.520833333333364 ], [ 33.179052734375027, 49.557174513075118 ], [ 33.053899129231795, 49.630115254720081 ], [ 33.050637817382835, 49.732427639431457 ], [ 33.165667046440994, 49.786882358127201 ], [ 33.22150709364152, 49.924199930826859 ], [ 33.28333333333336, 49.933333333333366 ], [ 33.283961317274333, 49.965859815809495 ], [ 33.34166666666669, 49.958333333333371 ], [ 33.316666666666691, 49.995833333333366 ], [ 33.361791653103325, 49.988387383355068 ], [ 33.399383205837701, 50.067577785915816 ], [ 33.394873385959229, 50.099344211154531 ], [ 33.354166666666693, 50.1 ], [ 33.37583380805124, 50.170150078667554 ], [ 33.425, 50.204166666666687 ], [ 33.595086669921905, 50.220266045464427 ], [ 33.609496392144123, 50.254532538519989 ], [ 33.665852525499162, 50.246490139431444 ], [ 33.703813001844644, 50.276714070638043 ], [ 33.686528184678849, 50.320064968533011 ], [ 33.626367865668428, 50.320215861002623 ], [ 33.597993638780409, 50.353549194335962 ], [ 33.564506361219642, 50.338117472330751 ], [ 33.528549194335966, 50.399000379774328 ], [ 33.607586669921901, 50.429733954535614 ], [ 33.743683878580761, 50.391011216905405 ], [ 33.557803683810789, 50.571773952908011 ], [ 33.618408881293433, 50.645480007595509 ], [ 33.715659925672774, 50.667477756076416 ], [ 33.7, 50.71666666666669 ], [ 33.725777859158015, 50.736793009440127 ], [ 34.0, 50.77916666666669 ], [ 34.178430006239168, 50.711882527669296 ], [ 34.26619754367406, 50.771450805664088 ], [ 34.380166286892376, 50.792284138997424 ], [ 34.50625, 50.741681247287353 ], [ 34.595833333333353, 50.820833333333361 ], [ 34.514924452039949, 50.878813340928843 ], [ 34.485783555772585, 50.857980007595515 ], [ 34.433333333333351, 50.883333333333361 ], [ 34.49288160536026, 50.992233954535614 ], [ 34.561791483561215, 50.988387383355061 ], [ 34.636763339572504, 51.096450805664091 ], [ 34.954166666666687, 51.104166666666693 ], [ 35.083482736322452, 51.228214213779097 ], [ 35.143, 51.221 ], [ 35.121, 51.172 ], [ 35.175, 51.102 ], [ 35.154, 51.086 ], [ 35.206, 51.05 ], [ 35.321, 51.081 ], [ 35.409, 51.052 ], [ 35.398, 51.022 ], [ 35.318, 51.014 ], [ 35.34, 50.939 ], [ 35.395, 50.912 ], [ 35.379, 50.874 ], [ 35.423, 50.855 ], [ 35.42, 50.808 ], [ 35.483, 50.782 ], [ 35.473043823242215, 50.738067287868951 ] ] ] } },
{ "type": "Feature", "properties": { "basin_id": 2060452600, "pfaf_id": 223408, "sub_area_km2": 14817.5 }, "geometry": { "type": "MultiPolygon", "coordinates": [ [ [ [ 38.57, 49.974 ], [ 38.531620449490035, 49.953813340928853 ], [ 38.510904246145316, 49.966167347501965 ], [ 38.57, 49.974 ] ] ], [ [ [ 38.510650492827011, 49.966316377228587 ], [ 38.421494547526059, 49.940767076280416 ], [ 38.491653442382834, 49.888995700412359 ], [ 38.457766045464425, 49.861285061306461 ], [ 38.469982401529968, 49.81335093180342 ], [ 38.310289510091167, 49.804733954535621 ], [ 38.266666666666687, 49.85 ], [ 38.177453782823363, 49.820480007595521 ], [ 38.01666666666668, 49.8375 ], [ 37.921186659071196, 49.702424452039963 ], [ 37.949432712131092, 49.568622843424514 ], [ 37.87473551432295, 49.490529547797337 ], [ 37.857482571072076, 49.296684265136747 ], [ 37.694919840494819, 49.163107469346819 ], [ 37.608333333333363, 49.133333333333361 ], [ 37.532396104600721, 49.154733954535615 ], [ 37.445833333333361, 49.09583333333336 ], [ 37.367401801215301, 49.138402642144122 ], [ 37.388319905598983, 49.245061408148899 ], [ 37.4625, 49.341666666666697 ], [ 37.441035970052113, 49.498511589898037 ], [ 37.379166666666691, 49.5125 ], [ 37.428505452473985, 49.649100409613744 ], [ 37.35, 49.6625 ], [ 37.359141031901068, 49.715706380208367 ], [ 37.471400621202285, 49.749253336588573 ], [ 37.432766045464433, 49.772048272026943 ], [ 37.466058349609405, 49.836535474989184 ], [ 37.40833333333336, 49.845833333333367 ], [ 37.446400621202287, 49.929913330078158 ], [ 37.395266045464439, 50.040920003255245 ], [ 37.5375, 50.108333333333356 ], [ 37.545833333333363, 50.15 ], [ 37.492021348741346, 50.176714409722244 ], [ 37.521010674370686, 50.286250135633701 ], [ 37.631, 50.316 ], [ 37.625, 50.193 ], [ 37.746, 50.084 ], [ 37.881, 50.062 ], [ 38.032, 49.941 ], [ 38.026, 49.905 ], [ 38.221, 49.976 ], [ 38.18, 50.082 ], [ 38.312, 50.094 ], [ 38.367, 50.008 ], [ 38.510650492827011, 49.966316377228587 ] ] ] ] } },
{ "type": "Feature", "properties": { "basin_id": 2060390810, "pfaf_id": 225203, "sub_area_km2": 4111.3 }, "geometry": { "type": "Polygon", "coordinates": [ [ [ 31.53333333333336, 51.533333333333367 ], [ 31.648257785373293, 51.562853325737876 ], [ 31.655381605360272, 51.596400621202292 ], [ 31.727210489908884, 51.588067287868952 ], [ 31.928364054361992, 51.642401801215307 ], [ 31.954777187771281, 51.686563110351592 ], [ 32.061753336588559, 51.725567287868955 ], [ 32.145086669921888, 51.711932712131109 ], [ 32.163714938693595, 51.746400621202291 ], [ 32.260543823242202, 51.74943271213111 ], [ 32.293622843424494, 51.704733954535619 ], [ 32.328155008951839, 51.717233954535622 ], [ 32.351742214626753, 51.679519992404543 ], [ 32.411876424153661, 51.669924079047341 ], [ 32.404519992404531, 51.576742214626769 ], [ 32.566666666666684, 51.458333333333364 ], [ 32.5875, 51.3625 ], [ 32.703252326117642, 51.361895921495254 ], [ 32.840749613444032, 51.299407111273901 ], [ 32.8245791965061, 51.250892978244387 ], [ 32.958333333333357, 51.15 ], [ 32.9, 51.108333333333363 ], [ 32.708333333333357, 51.125 ], [ 32.462030877007393, 51.045215861002632 ], [ 32.325, 51.091666666666697 ], [ 32.333900621202275, 51.115451727973117 ], [ 32.282196214463994, 51.150264485677113 ], [ 32.207586669921895, 51.149432712131102 ], [ 32.145086669921888, 51.188067287868954 ], [ 32.016666666666694, 51.15 ], [ 31.983333333333363, 51.22083333333336 ], [ 31.874212646484406, 51.191061570909319 ], [ 31.82856174045142, 51.214817470974424 ], [ 31.854275851779544, 51.230672370062962 ], [ 31.832792833116351, 51.25477176242407 ], [ 31.766126166449681, 51.249394904242649 ], [ 31.61640218098961, 51.305303785536054 ], [ 31.654431152343779, 51.342803785536056 ], [ 31.658900621202285, 51.411285061306451 ], [ 31.509305148654541, 51.446601528591607 ], [ 31.541119045681452, 51.485412936740481 ], [ 31.53333333333336, 51.533333333333367 ] ] ] } },
{ "type": "Feature", "properties": { "basin_id": 2060392710, "pfaf_id": 225204, "sub_area_km2": 27894.7 }, "geometry": { "type": "Polygon", "coordinates": [ [ [ 35.082629055447072, 51.221752760145428 ], [ 34.954166666666687, 51.104166666666693 ], [ 34.636763339572504, 51.096450805664091 ], [ 34.561791483561215, 50.988387383355061 ], [ 34.49288160536026, 50.992233954535614 ], [ 34.433333333333351, 50.883333333333361 ], [ 34.317803785536043, 50.883068847656276 ], [ 34.162515258789078, 50.942916531033013 ], [ 34.182567172580313, 50.99511277940541 ], [ 34.0625, 51.0375 ], [ 34.081624518500448, 51.095474243164091 ], [ 33.945364040798644, 51.078549194335963 ], [ 33.780534532335096, 51.150617472330758 ], [ 33.720266045464442, 51.117603895399334 ], [ 33.731591118706625, 51.079519992404542 ], [ 33.693673027886312, 51.075617472330755 ], [ 33.541197374131968, 51.154784138997421 ], [ 33.456122843424509, 51.145266045464439 ], [ 33.466666666666697, 51.09583333333336 ], [ 33.258333333333361, 51.120833333333358 ], [ 33.245833333333358, 51.091666666666697 ], [ 32.958333333333357, 51.15 ], [ 32.8245791965061, 51.250892978244387 ], [ 32.840749613444032, 51.299407111273901 ], [ 32.703252326117642, 51.361895921495254 ], [ 32.5875, 51.3625 ], [ 32.554166666666688, 51.4625 ], [ 32.661753336588561, 51.525567287868952 ], [ 32.754166666666691, 51.483333333333363 ], [ 32.914710489908877, 51.500567287868954 ], [ 33.020511542426242, 51.546476067437098 ], [ 33.122281222873291, 51.486857265896298 ], [ 33.21314290364586, 51.498838127983973 ], [ 33.218408881293428, 51.450353325737879 ], [ 33.318622843424507, 51.503599378797773 ], [ 33.502424452039961, 51.475353325737878 ], [ 33.645082600911486, 51.554809400770431 ], [ 33.7625, 51.554166666666696 ], [ 33.770833333333364, 51.583333333333364 ], [ 33.61609937879777, 51.647048272026943 ], [ 33.778505452473986, 51.684232923719648 ], [ 33.75933295355906, 51.775617641872863 ], [ 33.916197374131976, 51.804784308539531 ], [ 34.049000379774334, 51.778549024793868 ], [ 34.109332953559047, 51.82561764187286 ], [ 34.196579996744809, 51.824432712131113 ], [ 34.25097665063479, 51.89471980761752 ], [ 34.42, 51.826 ], [ 34.412, 51.778 ], [ 34.445, 51.759 ], [ 34.431, 51.73 ], [ 34.088, 51.667 ], [ 34.17, 51.64 ], [ 34.297, 51.519 ], [ 34.225, 51.43 ], [ 34.335, 51.367 ], [ 34.228, 51.276 ], [ 34.313, 51.236 ], [ 34.39, 51.274 ], [ 34.492, 51.241 ], [ 34.612, 51.253 ], [ 34.689, 51.188 ], [ 34.796, 51.176 ], [ 34.964, 51.229 ], [ 35.082629055447072, 51.221752760145428 ] ] ] } },
{ "type": "Feature", "properties": { "basin_id": 2060392620, "pfaf_id": 225205, "sub_area_km2": 8174.6 }, "geometry": { "type": "Polygon", "coordinates": [ [ [ 33.750567287868954, 51.760289510091177 ], [ 33.778505452473986, 51.684232923719648 ], [ 33.61609937879777, 51.647048272026943 ], [ 33.770833333333364, 51.583333333333364 ], [ 33.7625, 51.554166666666696 ], [ 33.645082600911486, 51.554809400770431 ], [ 33.502424452039961, 51.475353325737878 ], [ 33.318622843424507, 51.503599378797773 ], [ 33.218408881293428, 51.450353325737879 ], [ 33.21314290364586, 51.498838127983973 ], [ 33.122281222873291, 51.486857265896298 ], [ 33.020511542426242, 51.546476067437098 ], [ 32.914710489908877, 51.500567287868954 ], [ 32.754166666666691, 51.483333333333363 ], [ 32.661753336588561, 51.525567287868952 ], [ 32.554166666666688, 51.4625 ], [ 32.404519992404531, 51.576742214626769 ], [ 32.417881605360265, 51.704733954535619 ], [ 32.529166666666683, 51.704166666666701 ], [ 32.379166666666684, 51.825 ], [ 32.445086669921892, 51.925567287868958 ], [ 32.560416666666683, 51.921302117241787 ], [ 32.621996561686217, 51.954532538519999 ], [ 32.704913330078142, 51.93693271213111 ], [ 32.766666666666687, 51.975 ], [ 32.92435675726999, 51.942471313476595 ], [ 33.004899088541691, 52.02393951416019 ], [ 33.075, 52.02083333333335 ], [ 33.04093017578127, 52.115877278645854 ], [ 32.943673027886305, 52.100617472330747 ], [ 32.880054050021727, 52.138208346896718 ], [ 32.888714938693596, 52.158900621202278 ], [ 33.016666666666687, 52.15 ], [ 33.056377156575543, 52.178599378797763 ], [ 33.101218668619815, 52.145631917317729 ], [ 33.166666666666693, 52.1875 ], [ 33.138248019748289, 52.221554904513908 ], [ 33.150744967990477, 52.257303195529538 ], [ 33.493519385251062, 52.354068659249847 ], [ 33.522, 52.35 ], [ 33.497, 52.315 ], [ 33.558, 52.3 ], [ 33.552, 52.322 ], [ 33.800147719626679, 52.362795076012446 ], [ 33.844983249240478, 52.332732815212694 ], [ 33.842342122395863, 52.300920952690994 ], [ 33.911862586400431, 52.30175827573305 ], [ 34.018872341170955, 52.204296453726776 ], [ 33.970833333333367, 52.183333333333351 ], [ 33.992460801866336, 52.159127468533008 ], [ 34.118, 52.137 ], [ 34.071, 52.066 ], [ 34.107, 52.007 ], [ 34.135, 52.007 ], [ 34.132, 51.968 ], [ 34.198, 51.973 ], [ 34.189, 51.949 ], [ 34.253, 51.919 ], [ 34.196579996744809, 51.824432712131113 ], [ 34.109332953559047, 51.82561764187286 ], [ 34.049000379774334, 51.778549024793868 ], [ 33.916197374131976, 51.804784308539531 ], [ 33.750567287868954, 51.760289510091177 ] ] ] } },
{ "type": "Feature", "properties": { "basin_id": 2060390710, "pfaf_id": 225202, "sub_area_km2": 8265.4 }, "geometry": { "type": "Polygon", "coordinates": [ [ [ 31.653813001844647, 51.568380737304722 ], [ 31.525850762261314, 51.538350931803414 ], [ 31.508900621202283, 51.573043823242216 ], [ 31.56306728786895, 51.634270562066007 ], [ 31.554166666666696, 51.7291666666667 ], [ 31.3625, 51.79583333333337 ], [ 31.34953918457034, 51.902093336317307 ], [ 31.2875, 51.929166666666703 ], [ 31.28333333333336, 51.991666666666703 ], [ 31.527453613281278, 52.067019992404532 ], [ 31.629166666666695, 52.0625 ], [ 31.646266343858535, 52.090752495659743 ], [ 31.595436943901937, 52.086869642469637 ], [ 31.595239065507418, 52.115834509085225 ], [ 31.874, 52.108 ], [ 31.945, 52.074 ], [ 31.932, 52.049 ], [ 32.108, 52.036 ], [ 32.377, 52.145 ], [ 32.327, 52.147 ], [ 32.33, 52.24 ], [ 32.401, 52.248 ], [ 32.36, 52.33 ], [ 32.39, 52.337 ], [ 32.55, 52.33 ], [ 32.709, 52.25 ], [ 32.835, 52.273 ], [ 32.885, 52.272 ], [ 32.888, 52.248 ], [ 32.990229941614601, 52.2866149708073 ], [ 33.038117472330754, 52.238236829969637 ], [ 33.018877156575542, 52.150567287868945 ], [ 32.879519992404539, 52.144091118706619 ], [ 32.974530707465298, 52.095215861002622 ], [ 33.04093017578127, 52.115877278645854 ], [ 33.079153442382832, 52.051495700412346 ], [ 33.061231486002626, 52.012558831108976 ], [ 33.004899088541691, 52.02393951416019 ], [ 32.958333333333357, 51.95 ], [ 32.766666666666687, 51.975 ], [ 32.704913330078142, 51.93693271213111 ], [ 32.621996561686217, 51.954532538519999 ], [ 32.560416666666683, 51.921302117241787 ], [ 32.4375, 51.92083333333337 ], [ 32.379784308539513, 51.814506530761754 ], [ 32.5282670762804, 51.700661214192742 ], [ 32.417881605360265, 51.704733954535619 ], [ 32.36458333333335, 51.67501458062069 ], [ 32.260543823242202, 51.74943271213111 ], [ 32.163714938693595, 51.746400621202291 ], [ 32.145086669921888, 51.711932712131109 ], [ 32.061753336588559, 51.725567287868955 ], [ 31.954777187771281, 51.686563110351592 ], [ 31.928364054361992, 51.642401801215307 ], [ 31.727210489908884, 51.588067287868952 ], [ 31.655381605360272, 51.596400621202292 ], [ 31.653813001844647, 51.568380737304722 ] ] ] } },
{ "type": "Feature", "properties": { "basin_id": 2060363170, "pfaf_id": 225208, "sub_area_km2": 5372.5 }, "geometry": { "type": "MultiPolygon", "coordinates": [ [ [ [ 34.102160135904967, 52.142284138997418 ], [ 34.010339864095066, 52.150617472330751 ], [ 33.970833333333367, 52.183333333333351 ], [ 34.063, 52.194 ], [ 34.102160135904967, 52.142284138997418 ] ] ], [ [ [ 33.943955027351905, 52.271470157331024 ], [ 33.938155788845513, 52.275959947374155 ], [ 33.937685147734577, 52.281251169534052 ], [ 33.943955027351905, 52.271470157331024 ] ] ], [ [ [ 33.910531277126765, 52.300579833984393 ], [ 33.842342122395863, 52.300920952690994 ], [ 33.844983249240478, 52.332732815212694 ], [ 33.800147719626679, 52.362795076012446 ], [ 33.910531277126765, 52.300579833984393 ] ] ] ] } },
{ "type": "Feature", "properties": { "basin_id": 2060369600, "pfaf_id": 225207, "sub_area_km2": 565.0 }, "geometry": { "type": "Polygon", "coordinates": [ [ [ 33.482336764865479, 52.3423044840495 ], [ 33.395833333333357, 52.3125 ], [ 33.358333333333363, 52.35 ], [ 33.401, 52.366 ], [ 33.482336764865479, 52.3423044840495 ] ] ] } },
{ "type": "Feature", "properties": { "basin_id": 2060369590, "pfaf_id": 225206, "sub_area_km2": 6049.7 }, "geometry": { "type": "Polygon", "coordinates": [ [ [ 33.358686659071203, 52.352424452039955 ], [ 33.395833333333357, 52.3125 ], [ 33.150744967990477, 52.257303195529538 ], [ 33.138248019748289, 52.221554904513908 ], [ 33.166666666666693, 52.1875 ], [ 33.101218668619815, 52.145631917317729 ], [ 33.024821302625888, 52.192909071180573 ], [ 33.038117472330754, 52.238236829969637 ], [ 32.990229941614601, 52.2866149708073 ], [ 33.192, 52.374 ], [ 33.358686659071203, 52.352424452039955 ] ] ] } }
]
}
